{"type":"FeatureCollection","features":[{"type":"Feature","properties":{"code":"E3","name":"E3 · Kom–Emine","color":"#c93636","source_file":"E3 Kom Emine merged.gpx","source_points":168891,"recorded_days":17,"dates":"2022-07-21 → 2022-08-06","description":"Your personal recorded track. Long recording gaps are kept separate."},"geometry":{"type":"MultiLineString","coordinates":[[[23.080706,43.187271],[23.079981,43.185153],[23.08002,43.184434],[23.080894,43.181915],[23.080845,43.181273],[23.082117,43.178854],[23.083252,43.179299],[23.084176,43.179935],[23.086546,43.17981],[23.087329,43.1795],[23.089177,43.179508],[23.089231,43.178942],[23.089786,43.178446],[23.090815,43.178103],[23.090831,43.177012],[23.089631,43.174532],[23.090083,43.172718],[23.089302,43.171914],[23.088842,43.171079],[23.088816,43.169874],[23.090544,43.169092],[23.091461,43.168177],[23.091817,43.167451],[23.093748,43.167096],[23.094748,43.166703],[23.09591,43.165713],[23.098255,43.163452],[23.098321,43.161763],[23.099332,43.160644],[23.10054,43.159806],[23.10188,43.158041],[23.102101,43.156965],[23.102599,43.156123],[23.102734,43.15461],[23.103027,43.153929],[23.103928,43.152834],[23.102943,43.152052],[23.102441,43.150759],[23.10393,43.149195],[23.104728,43.148738],[23.105132,43.147793],[23.105258,43.146161],[23.105697,43.145286],[23.105412,43.144368],[23.10426,43.143772],[23.105371,43.142751],[23.105834,43.14144],[23.10653,43.140816],[23.107814,43.140116],[23.111798,43.139151],[23.113122,43.13828],[23.11403,43.13679],[23.113932,43.136121],[23.113337,43.134973],[23.114486,43.133671],[23.113566,43.131797],[23.114094,43.131098],[23.114337,43.129992],[23.114024,43.128753],[23.115048,43.127758],[23.115463,43.126496],[23.114765,43.124231],[23.115044,43.120612],[23.115541,43.120433],[23.119054,43.120877],[23.122492,43.122973],[23.123441,43.122758],[23.124103,43.122891],[23.124685,43.122792],[23.12504,43.122291],[23.124721,43.121403],[23.124401,43.121082],[23.124141,43.121208],[23.124355,43.12111],[23.124225,43.121021],[23.12563,43.120866],[23.127123,43.119482],[23.128022,43.117696],[23.128896,43.117649],[23.13101,43.116568],[23.131385,43.116246],[23.131299,43.115088],[23.131487,43.114789],[23.132323,43.114575],[23.133852,43.114717],[23.135186,43.114588],[23.135057,43.115363],[23.13672,43.114828],[23.137554,43.114941],[23.139148,43.115965],[23.140549,43.116543],[23.143453,43.116987],[23.146152,43.117697],[23.14795,43.118582],[23.149608,43.118487],[23.150915,43.118133],[23.152292,43.118204],[23.155758,43.119865],[23.158475,43.120396],[23.159245,43.120073],[23.160978,43.119989],[23.162212,43.120329],[23.163892,43.121113],[23.166691,43.121756],[23.167887,43.121862],[23.169364,43.122461],[23.172115,43.12314],[23.173172,43.123192],[23.177589,43.122844],[23.180913,43.12384],[23.182246,43.123969],[23.184236,43.124541],[23.186533,43.124717],[23.188285,43.125082],[23.190415,43.125181],[23.192254,43.124949],[23.197474,43.123772],[23.199144,43.123651],[23.201166,43.123155],[23.203483,43.122029],[23.204792,43.121688],[23.206139,43.121655],[23.207494,43.121181],[23.209085,43.12102],[23.210075,43.121494],[23.211118,43.121491],[23.21359,43.120194],[23.217211,43.119742],[23.218489,43.120039],[23.220139,43.120838],[23.221769,43.121032],[23.224487,43.121963],[23.225947,43.122236],[23.231829,43.122891],[23.235961,43.122559],[23.238821,43.122636],[23.241785,43.123264],[23.24382,43.124327],[23.24627,43.124405],[23.247582,43.12485],[23.248612,43.124936],[23.249037,43.12521],[23.249804,43.125258],[23.250319,43.125079],[23.25076,43.125274],[23.251591,43.124769],[23.25185,43.123882],[23.252105,43.123699],[23.252909,43.123631],[23.254183,43.123959],[23.254763,43.12387],[23.255362,43.123477],[23.256284,43.123992],[23.257253,43.123998],[23.258819,43.12339],[23.259884,43.122149],[23.261605,43.121105],[23.264809,43.12127],[23.26526,43.120849],[23.265655,43.120751],[23.267445,43.119015],[23.268357,43.118634],[23.267711,43.118055],[23.267955,43.11754],[23.269188,43.116979],[23.27026,43.116804],[23.271115,43.115612],[23.272149,43.115537],[23.273033,43.11515],[23.272873,43.114118],[23.273018,43.112004],[23.273353,43.110527],[23.274413,43.109584],[23.274721,43.108155],[23.276124,43.106516],[23.276761,43.105957],[23.278584,43.105852],[23.279312,43.105481],[23.279732,43.105108],[23.279456,43.104752],[23.280041,43.104717],[23.279697,43.10466],[23.279442,43.104818],[23.279413,43.10462],[23.279648,43.104845],[23.280069,43.10465],[23.280099,43.105233],[23.280063,43.104611],[23.279444,43.104867],[23.279766,43.104676],[23.279672,43.104443],[23.281093,43.10398],[23.282079,43.103003],[23.283531,43.102783],[23.284356,43.102115],[23.286338,43.101943],[23.288022,43.102795],[23.291477,43.102943],[23.292213,43.103296],[23.294051,43.102957],[23.295061,43.103344],[23.295345,43.103885],[23.296105,43.104237],[23.296332,43.104033],[23.29628,43.103295],[23.295712,43.102287],[23.295134,43.10176],[23.296868,43.101286],[23.297262,43.100888],[23.298381,43.100942],[23.298745,43.100615],[23.299501,43.100351],[23.300112,43.09977],[23.30077,43.099845],[23.30142,43.100547],[23.302137,43.100739],[23.302367,43.100477],[23.302377,43.099788],[23.302768,43.099587],[23.303509,43.09965],[23.304073,43.099344],[23.305114,43.099166],[23.306109,43.099645],[23.306662,43.099721],[23.306935,43.099474],[23.307092,43.098556],[23.308265,43.098093],[23.310038,43.098358],[23.311371,43.099416],[23.312953,43.098558],[23.314269,43.098828],[23.314464,43.098613],[23.314129,43.0982],[23.314206,43.09774],[23.314775,43.097228],[23.315808,43.09687],[23.316559,43.097131],[23.317003,43.097008],[23.31819,43.096003],[23.318837,43.095743],[23.319905,43.09568],[23.319829,43.095572],[23.319835,43.095722],[23.321313,43.096073],[23.320814,43.09473],[23.320941,43.094439],[23.322659,43.093494],[23.323737,43.093569],[23.324362,43.092685],[23.325035,43.09232],[23.326079,43.092505],[23.326882,43.092444],[23.327108,43.091478],[23.328152,43.090881],[23.329316,43.090772],[23.330035,43.091674],[23.330766,43.092302],[23.331056,43.092315],[23.331206,43.09078],[23.332908,43.089134],[23.333293,43.088433],[23.332637,43.088307],[23.33352,43.088161],[23.333653,43.088544],[23.334233,43.088646],[23.33501,43.088116],[23.335439,43.087384],[23.336439,43.086626],[23.337124,43.086582],[23.337885,43.085778],[23.338583,43.085922],[23.338847,43.085573],[23.340899,43.085143],[23.34152,43.085167],[23.34231,43.085522],[23.343285,43.085324],[23.344581,43.085395],[23.344913,43.08556],[23.346674,43.085078],[23.348417,43.085028],[23.350054,43.084225],[23.351219,43.085529],[23.351704,43.085581],[23.352406,43.0862],[23.353719,43.086465],[23.355307,43.087935],[23.35595,43.088147],[23.357241,43.088054],[23.358015,43.088523],[23.358422,43.08856],[23.360376,43.088509],[23.360774,43.088327],[23.362647,43.088116],[23.364306,43.088152],[23.367878,43.087223],[23.369274,43.087159],[23.370254,43.086648]],[[23.370078,43.086685],[23.370003,43.086399],[23.370487,43.085894],[23.370657,43.084852],[23.371058,43.084207],[23.371453,43.082242],[23.374143,43.08021],[23.376764,43.081558],[23.37742,43.082332],[23.378065,43.082202],[23.378268,43.08265],[23.37889,43.082854],[23.379363,43.083829],[23.379642,43.083682],[23.379868,43.084199],[23.380453,43.084485],[23.381444,43.085415],[23.382566,43.08545],[23.382147,43.084658],[23.382614,43.084521],[23.383733,43.082994],[23.384765,43.08285],[23.386352,43.081816],[23.387516,43.080438],[23.388029,43.080285],[23.388074,43.07969],[23.388518,43.079399],[23.390822,43.079054],[23.391064,43.078388],[23.391463,43.078103],[23.392154,43.077928],[23.392494,43.077612],[23.392786,43.077662],[23.393677,43.077086],[23.39343,43.076726],[23.393497,43.076339],[23.394913,43.076336],[23.396518,43.075278],[23.397477,43.074382],[23.398259,43.07236],[23.398662,43.071842],[23.398033,43.067928],[23.3983,43.066328],[23.397569,43.064549],[23.398262,43.063086],[23.398111,43.063055],[23.399276,43.062037],[23.399546,43.061405],[23.400287,43.061179],[23.401757,43.061276],[23.403087,43.06101],[23.403763,43.060377],[23.406517,43.05893],[23.407723,43.056896],[23.408194,43.056444],[23.408262,43.055182],[23.408611,43.054033],[23.408333,43.053856],[23.408462,43.053331],[23.408072,43.053357],[23.408673,43.053154],[23.408497,43.053265],[23.408662,43.05305],[23.408339,43.05271],[23.408513,43.05326],[23.408064,43.053355],[23.408487,43.053266],[23.408671,43.05248],[23.41051,43.051346],[23.410971,43.050805],[23.412685,43.049947],[23.414251,43.048637],[23.414796,43.04777],[23.414414,43.046528],[23.414601,43.045971],[23.415099,43.0457],[23.415669,43.045685],[23.416459,43.044509],[23.417986,43.043942],[23.418593,43.043536],[23.420001,43.041063],[23.421118,43.04099],[23.422552,43.040175],[23.423387,43.040013],[23.42527,43.040239],[23.427056,43.039822],[23.42979,43.037934],[23.431969,43.03588],[23.432651,43.035719],[23.43353,43.035768],[23.434283,43.035486],[23.434434,43.035223],[23.433936,43.034048],[23.434734,43.033886],[23.4355,43.03406],[23.436537,43.033902],[23.438086,43.033163],[23.437843,43.033386],[23.438041,43.033126],[23.437807,43.033435],[23.438014,43.033097],[23.437924,43.033342],[23.438196,43.033458],[23.437777,43.033576],[23.437855,43.033392],[23.43803,43.033585],[23.437895,43.033483],[23.438081,43.033357],[23.437739,43.033274],[23.438143,43.033494],[23.438012,43.033132],[23.438226,43.033029],[23.438848,43.033141],[23.439992,43.032893],[23.440539,43.032947],[23.441091,43.032681],[23.44124,43.031998],[23.440764,43.031097],[23.438828,43.030492],[23.4383,43.02932],[23.438544,43.02526],[23.438946,43.024813],[23.438879,43.024081],[23.440106,43.023034],[23.439999,43.022746],[23.440392,43.021938],[23.440198,43.021363],[23.440523,43.020864],[23.440663,43.020018],[23.439895,43.018355],[23.439869,43.017558],[23.439008,43.016601],[23.438886,43.015857],[23.439286,43.015093],[23.44101,43.013428],[23.44224,43.010914],[23.442793,43.01089],[23.444564,43.010327],[23.445123,43.009861],[23.447437,43.008712],[23.449002,43.008204],[23.449454,43.007733],[23.449319,43.007298],[23.44902,43.007114],[23.447892,43.006949],[23.446745,43.006109],[23.445957,43.005802],[23.444736,43.005676],[23.444534,43.005282],[23.445472,43.00304],[23.444706,43.0019],[23.443674,43.000881],[23.443891,42.999123],[23.444059,42.999287],[23.443739,42.999013],[23.443481,42.998169],[23.444184,42.997332],[23.444139,42.995837],[23.445118,42.994524],[23.445914,42.994068]],[[23.449958,42.99111],[23.450056,42.99086],[23.451867,42.989573],[23.452736,42.989326],[23.453712,42.988709],[23.454485,42.987853],[23.45464,42.987239],[23.455517,42.986477],[23.457712,42.985391],[23.459311,42.983821],[23.460524,42.983296],[23.46133,42.981727],[23.461753,42.979819],[23.463026,42.978787],[23.46433,42.978633],[23.464829,42.977772],[23.465125,42.976359],[23.465621,42.976057],[23.466648,42.975881],[23.467528,42.975156],[23.468171,42.971482],[23.469097,42.969839],[23.468435,42.968807],[23.468548,42.96804],[23.469073,42.967147],[23.470305,42.966215],[23.469265,42.963458],[23.469442,42.962958],[23.468071,42.961333],[23.467965,42.959443],[23.467747,42.958943],[23.468289,42.957929],[23.469342,42.956712],[23.469731,42.955542],[23.470423,42.95469],[23.470335,42.953501],[23.470518,42.953221],[23.474908,42.951695],[23.477335,42.95132],[23.478864,42.95086],[23.480077,42.950255],[23.481834,42.950427],[23.48489,42.94994],[23.488583,42.950138],[23.492859,42.949498],[23.494977,42.948658],[23.49807,42.948571],[23.498034,42.948765],[23.498415,42.94864],[23.500725,42.949651],[23.501417,42.95049],[23.50226,42.950776],[23.503155,42.950629],[23.505468,42.949677],[23.506143,42.949649],[23.507996,42.949903],[23.510293,42.949695],[23.511395,42.949777],[23.512298,42.950146],[23.516273,42.950348],[23.51931,42.95085],[23.519947,42.950402],[23.519285,42.950215],[23.519908,42.950371],[23.520349,42.950764],[23.52148,42.950121],[23.522063,42.948606],[23.522972,42.947586],[23.525092,42.946934],[23.528028,42.947026],[23.529289,42.945899],[23.53004,42.945683],[23.530903,42.945789],[23.532287,42.946655],[23.534083,42.947275],[23.535994,42.947552],[23.540867,42.948798],[23.543276,42.948983],[23.544992,42.949372],[23.548436,42.949104],[23.552193,42.948521],[23.555249,42.948976],[23.558173,42.948362],[23.559645,42.948301],[23.560707,42.948373],[23.562267,42.948801],[23.564454,42.947769],[23.567652,42.946655],[23.568127,42.946338],[23.56848,42.945507],[23.569711,42.945036],[23.56985,42.944528],[23.568829,42.944152],[23.56793,42.942821]],[[23.567828,42.942792],[23.568255,42.941672],[23.56992,42.941607],[23.570064,42.941014],[23.573496,42.941297],[23.574484,42.941051],[23.574953,42.940459],[23.575663,42.940484],[23.575889,42.940337],[23.576284,42.939625],[23.576325,42.938834],[23.577018,42.938677],[23.578633,42.938912],[23.579821,42.9386],[23.581782,42.936571],[23.581993,42.935674],[23.581766,42.934418],[23.58167,42.934598],[23.581748,42.934829],[23.58172,42.934074],[23.582035,42.933194],[23.581687,42.932739],[23.58034,42.93188],[23.579897,42.930607],[23.579986,42.929174],[23.580429,42.928655],[23.580768,42.927284],[23.580533,42.926094],[23.581291,42.924269],[23.581759,42.924006],[23.583702,42.924227],[23.58584,42.923995],[23.589592,42.922704],[23.590481,42.922559],[23.592727,42.921766],[23.593531,42.921685],[23.595827,42.920356],[23.596951,42.920368],[23.598063,42.920163],[23.599036,42.919573],[23.599826,42.918076],[23.599789,42.917237],[23.600212,42.916802],[23.599628,42.91561],[23.60029,42.914952],[23.600608,42.914223],[23.600436,42.912911],[23.601042,42.911289],[23.601004,42.909603],[23.601304,42.908552],[23.601738,42.908131],[23.601459,42.90812],[23.601331,42.907737],[23.601479,42.908175],[23.601303,42.907699],[23.600437,42.907796],[23.601368,42.907752],[23.600474,42.904341],[23.600792,42.90283],[23.601509,42.90227],[23.602349,42.90117],[23.603264,42.901001],[23.606525,42.899448],[23.60841,42.899511],[23.610639,42.89984],[23.612441,42.89972],[23.613503,42.899371],[23.614071,42.899426],[23.615401,42.899168],[23.616663,42.898451],[23.617386,42.897536],[23.61887,42.896311],[23.620795,42.8958],[23.622424,42.895915],[23.624345,42.896549],[23.62813,42.896588],[23.629258,42.896341],[23.629977,42.89647],[23.630983,42.896944],[23.631939,42.898284],[23.633666,42.899838],[23.634417,42.900151],[23.635782,42.900374],[23.63649,42.900062],[23.637857,42.898948],[23.638518,42.898819],[23.639748,42.898976],[23.642427,42.897837],[23.64405,42.897425],[23.644528,42.897483],[23.645906,42.896624],[23.64677,42.895691],[23.64716,42.895586],[23.647534,42.894603],[23.648947,42.894052],[23.649928,42.892908],[23.651463,42.891695],[23.651833,42.891214],[23.651797,42.890795],[23.652238,42.890442],[23.652652,42.889513],[23.65322,42.889024],[23.654441,42.886991],[23.656801,42.885055],[23.656681,42.885359],[23.656798,42.884819],[23.656383,42.883227],[23.657567,42.88083],[23.659429,42.88047],[23.660544,42.879998],[23.661334,42.879941],[23.663879,42.878605],[23.664735,42.877914],[23.666109,42.877521],[23.666768,42.877637],[23.667291,42.877361],[23.667647,42.876892],[23.668689,42.876581],[23.669797,42.875968],[23.670873,42.875823],[23.671241,42.8755],[23.671364,42.874911],[23.672148,42.87414],[23.6733,42.873623],[23.675213,42.871852],[23.678575,42.870471],[23.678615,42.87012],[23.677185,42.869607],[23.676284,42.868683],[23.677033,42.867381],[23.676414,42.866574],[23.675317,42.865945],[23.675002,42.864945],[23.675245,42.864131],[23.675033,42.863506],[23.675558,42.863075],[23.675747,42.86225],[23.676251,42.861741],[23.67657,42.859657],[23.676031,42.858961],[23.675348,42.858615],[23.675167,42.858193],[23.677441,42.855878],[23.677576,42.855625],[23.677373,42.85493],[23.678124,42.853892],[23.677652,42.85223],[23.678229,42.851542],[23.678294,42.851156],[23.676729,42.848279],[23.676676,42.846696],[23.677096,42.845452],[23.67681,42.844628],[23.677211,42.844405],[23.677046,42.844333],[23.677614,42.844172],[23.678401,42.843615],[23.679814,42.843039],[23.68276,42.8405],[23.684419,42.8395],[23.68636,42.837323],[23.686918,42.836968],[23.68684,42.836805]],[[23.686992,42.836813],[23.686661,42.836681],[23.687721,42.837354],[23.688954,42.837564],[23.69066,42.836797],[23.691177,42.836755],[23.691186,42.836605],[23.692724,42.836144],[23.69409,42.835895],[23.695497,42.835996],[23.69701,42.835853],[23.697876,42.835483],[23.69857,42.835445],[23.699751,42.834804],[23.70128,42.834492],[23.702183,42.834457],[23.703446,42.834776],[23.704889,42.833941],[23.706847,42.83345],[23.708724,42.833516],[23.709678,42.833891],[23.710849,42.834038],[23.712756,42.833238],[23.714396,42.832904],[23.714569,42.832705],[23.714287,42.831761],[23.714517,42.831359],[23.71957,42.827481],[23.720088,42.826352],[23.720221,42.825268],[23.719805,42.824289],[23.721356,42.822465],[23.721266,42.82096],[23.720605,42.820165],[23.721083,42.819405],[23.720785,42.818634],[23.721002,42.817695],[23.722056,42.816158],[23.722202,42.815293],[23.723169,42.814521],[23.723296,42.813613],[23.724432,42.812346],[23.725196,42.81203],[23.72593,42.81128],[23.726611,42.811158],[23.727876,42.811408],[23.728633,42.810927],[23.730315,42.810597],[23.73078,42.810256],[23.731343,42.809298],[23.732774,42.808589],[23.734011,42.809222],[23.735965,42.809112],[23.7365,42.809241],[23.737213,42.81001],[23.737804,42.810262],[23.739721,42.810156],[23.740409,42.809466],[23.740143,42.809283],[23.740367,42.809387],[23.741575,42.807868],[23.742497,42.807092],[23.744514,42.806244],[23.745347,42.805138],[23.747015,42.803516],[23.748743,42.802731],[23.750352,42.802822],[23.75112,42.803113],[23.752617,42.803092],[23.754466,42.802747],[23.755897,42.801603],[23.75778,42.801361],[23.760612,42.801663],[23.763,42.802497],[23.76379,42.802407],[23.765894,42.802593],[23.766943,42.801872],[23.768489,42.801571],[23.772647,42.799185],[23.773972,42.798953],[23.775037,42.799032],[23.77646,42.798618],[23.777713,42.798771],[23.778504,42.798539],[23.779242,42.797936],[23.779322,42.797576],[23.780508,42.796843],[23.781518,42.796957],[23.78373,42.79641],[23.784831,42.794817],[23.784689,42.794442],[23.783794,42.793828],[23.783601,42.793069],[23.782912,42.792222],[23.781648,42.791935],[23.781062,42.791474],[23.780033,42.791175],[23.77869,42.791067],[23.778851,42.790678],[23.780143,42.79041],[23.780495,42.789131],[23.781074,42.78901],[23.783589,42.787755],[23.784109,42.786632],[23.784417,42.786392],[23.785857,42.786282],[23.78831,42.786657],[23.7908,42.785969],[23.791899,42.785233],[23.79331,42.784707],[23.794795,42.783786],[23.795671,42.7829],[23.795467,42.782054],[23.795676,42.781857],[23.79873,42.781584],[23.799065,42.781774],[23.799623,42.781722],[23.800176,42.782149]],[[23.800244,42.782088],[23.799721,42.781616],[23.799311,42.779471],[23.801335,42.778125],[23.802488,42.777698],[23.80442,42.777402],[23.805747,42.776683],[23.807358,42.777035],[23.808276,42.777041],[23.809787,42.776551],[23.810165,42.776254],[23.810211,42.775795],[23.809537,42.773922],[23.809635,42.772766],[23.810115,42.771293],[23.810084,42.769771],[23.810824,42.769718],[23.811169,42.769326],[23.81186,42.769023],[23.812856,42.769026],[23.81343,42.769408],[23.815982,42.769437],[23.817368,42.769764],[23.818713,42.77119],[23.819802,42.771366],[23.822047,42.770848],[23.823262,42.77101],[23.825228,42.769831],[23.82737,42.769927],[23.828731,42.771711],[23.828534,42.772019],[23.828757,42.772219],[23.828831,42.773714],[23.828639,42.774652],[23.828682,42.775258],[23.829,42.775645],[23.829789,42.775882],[23.830859,42.775722],[23.833226,42.77588],[23.833745,42.775823],[23.834262,42.775386],[23.835449,42.775171],[23.83776,42.774289],[23.840569,42.772666],[23.84101,42.772294],[23.840766,42.771046],[23.841767,42.770315],[23.843154,42.768188],[23.843667,42.767848],[23.845911,42.767725],[23.847496,42.767948],[23.848473,42.767718],[23.849463,42.767778],[23.849659,42.767623],[23.849279,42.767618],[23.849574,42.767712],[23.84965,42.767558],[23.850264,42.767535],[23.850743,42.767147],[23.852137,42.76776],[23.853198,42.767833],[23.853726,42.767578],[23.855057,42.766174],[23.855026,42.766515],[23.856915,42.767327],[23.85852,42.768805],[23.862766,42.769569],[23.863773,42.770082],[23.865092,42.77115],[23.865226,42.771453],[23.866649,42.771592],[23.867665,42.771949],[23.868203,42.771905],[23.871333,42.770495],[23.872774,42.770714],[23.87386,42.770388],[23.875397,42.770212],[23.876798,42.768921],[23.879206,42.768093],[23.880046,42.768117],[23.88128,42.768472],[23.881935,42.768798],[23.882272,42.769381],[23.883084,42.769705],[23.88383,42.769558],[23.885319,42.769702],[23.885898,42.769606],[23.888201,42.770278],[23.888529,42.770279],[23.888775,42.769945],[23.889927,42.769451],[23.890031,42.769078],[23.890879,42.768653],[23.891275,42.768844],[23.891726,42.769479],[23.891878,42.769368],[23.892756,42.769487],[23.893285,42.770092],[23.893806,42.770181],[23.894465,42.770799],[23.895497,42.771093],[23.895972,42.771517],[23.896642,42.771602],[23.897546,42.772953],[23.89949,42.773089],[23.898437,42.772791],[23.899776,42.773419],[23.900445,42.773375],[23.901709,42.774636],[23.90257,42.775137],[23.90486,42.775701],[23.906043,42.776377],[23.908546,42.776778],[23.91018,42.776778],[23.912937,42.77593],[23.914836,42.775078],[23.915925,42.774849],[23.918139,42.773481],[23.92246,42.772307],[23.923784,42.770806],[23.925214,42.770111],[23.925903,42.769963],[23.929442,42.767683],[23.931626,42.767176],[23.932376,42.767191],[23.93295,42.766837],[23.933672,42.766971],[23.935274,42.766452],[23.936589,42.766334],[23.937412,42.76589],[23.938523,42.765786],[23.939482,42.765285],[23.94128,42.764843],[23.941944,42.764424],[23.942002,42.764015],[23.941939,42.764157],[23.942808,42.763429],[23.942553,42.762885],[23.942607,42.763329],[23.94311,42.763102],[23.943376,42.762528],[23.944988,42.761122],[23.945818,42.759936],[23.946895,42.759407],[23.949784,42.758744],[23.954703,42.756896]],[[23.954673,42.756889],[23.95451,42.756826],[23.955145,42.755779],[23.95564,42.755244],[23.956461,42.7548],[23.957489,42.754581],[23.95923,42.754559],[23.960971,42.753675],[23.963046,42.753261],[23.968191,42.753162],[23.96943,42.751811],[23.970196,42.751373],[23.971202,42.751092],[23.975756,42.751283],[23.977774,42.752302],[23.979174,42.752494],[23.982598,42.750947],[23.9837,42.749918],[23.986375,42.748791],[23.987155,42.746663],[23.988251,42.745897],[23.988623,42.745383],[23.991274,42.74392],[23.991905,42.742775],[23.992791,42.74191],[23.995484,42.741094],[23.998876,42.741635],[23.999564,42.741513],[24.000169,42.741178],[24.001045,42.741341],[24.003469,42.740886],[24.006183,42.739042],[24.007844,42.738341],[24.010748,42.737504],[24.011752,42.73627],[24.013392,42.735342],[24.01651,42.733985],[24.019622,42.731944],[24.020785,42.731761],[24.021835,42.732063],[24.024102,42.733739],[24.027055,42.735179],[24.032782,42.736308],[24.035164,42.735909],[24.037116,42.735308],[24.042481,42.732343],[24.044159,42.731979],[24.047934,42.732647],[24.049257,42.733828],[24.049656,42.734962],[24.049494,42.735726],[24.050471,42.736112],[24.053171,42.736644],[24.055321,42.73669],[24.055944,42.73712],[24.05601,42.73699],[24.057185,42.737115],[24.058061,42.736949],[24.060517,42.736947],[24.064482,42.737487],[24.065348,42.737888],[24.066503,42.738835],[24.070241,42.74005],[24.071275,42.741241],[24.072385,42.741833],[24.073169,42.742568],[24.073452,42.744609],[24.073268,42.746822],[24.07399,42.747646],[24.074972,42.748341],[24.076085,42.751326],[24.076655,42.751912],[24.076922,42.751525],[24.07709,42.75164],[24.077175,42.751436],[24.077357,42.75149],[24.077205,42.751571],[24.07637,42.751041],[24.077066,42.751456],[24.077241,42.751945],[24.077244,42.751396],[24.077215,42.751672],[24.077486,42.751461],[24.077178,42.751532],[24.07745,42.751369],[24.076699,42.751572],[24.076937,42.751428],[24.077247,42.751476],[24.077245,42.751665],[24.077563,42.751447],[24.077727,42.751773],[24.077386,42.751513],[24.077246,42.751673],[24.077414,42.75146],[24.077221,42.751686],[24.076967,42.751438],[24.076703,42.751569],[24.076707,42.751856],[24.076275,42.751215],[24.075722,42.75116],[24.075592,42.751458],[24.075876,42.751888],[24.076477,42.752459],[24.077334,42.752727],[24.077629,42.753101],[24.077806,42.753039],[24.077947,42.753469],[24.081151,42.755734],[24.082339,42.757011],[24.085235,42.757478],[24.086985,42.759355],[24.089083,42.760863],[24.092102,42.761471],[24.094679,42.761501],[24.095997,42.763123],[24.09675,42.763306],[24.098183,42.763334],[24.098996,42.764083],[24.099872,42.76443],[24.102037,42.7644],[24.10553,42.766167],[24.109597,42.767106],[24.110598,42.767727],[24.111924,42.767665],[24.113183,42.767926],[24.116585,42.770376],[24.11736,42.770379],[24.118586,42.770689],[24.119066,42.770624],[24.119187,42.770433],[24.118529,42.769488],[24.123202,42.769007],[24.123961,42.769273],[24.124665,42.770199],[24.125942,42.770865],[24.126681,42.770995],[24.127057,42.770795],[24.127834,42.769747],[24.128975,42.769863],[24.130721,42.768961],[24.132748,42.768532],[24.132628,42.768021],[24.133123,42.767483],[24.133419,42.767584],[24.133775,42.768608],[24.134392,42.769197],[24.137717,42.768128],[24.138305,42.76831],[24.138871,42.769061],[24.140461,42.768303],[24.141509,42.767548],[24.142088,42.767463],[24.142606,42.767669],[24.144322,42.767817],[24.144491,42.767114],[24.145282,42.766194],[24.14585,42.766054],[24.146125,42.766251]],[[24.145983,42.766394],[24.146072,42.766129],[24.146974,42.765735],[24.147425,42.765748],[24.148295,42.765048],[24.148121,42.764996],[24.149457,42.765165],[24.150344,42.764945],[24.151787,42.764921],[24.153742,42.765345],[24.154399,42.765269],[24.15594,42.764615],[24.158111,42.765097],[24.159024,42.765],[24.160083,42.764501],[24.160943,42.764674],[24.162369,42.76423],[24.163362,42.763355],[24.164145,42.762938],[24.169749,42.761473],[24.170108,42.761601],[24.17048,42.762105],[24.171983,42.762567],[24.175013,42.761881],[24.176373,42.761927],[24.177507,42.761605],[24.178016,42.761693],[24.179382,42.761415],[24.181509,42.761473],[24.184797,42.762032],[24.186283,42.762004],[24.187164,42.762384],[24.189236,42.762456],[24.189552,42.762692],[24.190722,42.762838],[24.19161,42.762694],[24.191725,42.762846],[24.193018,42.762924],[24.193941,42.762576],[24.194764,42.76259],[24.197907,42.763172],[24.202494,42.7634],[24.203111,42.763554],[24.204779,42.763105],[24.208882,42.763087],[24.209647,42.763197],[24.210317,42.763549],[24.211753,42.763638],[24.212731,42.763891],[24.214088,42.763692],[24.216296,42.763853],[24.218597,42.764318],[24.219124,42.764217],[24.220772,42.764964],[24.222319,42.765376],[24.226415,42.766102],[24.228315,42.766099],[24.231326,42.766426],[24.234097,42.767587],[24.236944,42.769444],[24.243554,42.772732],[24.244812,42.773194],[24.247493,42.774757],[24.251793,42.775325],[24.257742,42.774356],[24.259873,42.773239],[24.260859,42.772926],[24.261824,42.773034],[24.265178,42.772633],[24.268647,42.772577],[24.269883,42.772201],[24.270484,42.771825],[24.270649,42.772479],[24.270389,42.771886],[24.272237,42.772083],[24.278112,42.771602],[24.281123,42.771712],[24.283106,42.772225],[24.28639,42.771811],[24.288062,42.772051],[24.290338,42.771735],[24.290592,42.771382],[24.294419,42.769462],[24.296148,42.76894],[24.298758,42.768793],[24.29968,42.768202],[24.302948,42.767554],[24.304689,42.766653],[24.303989,42.766904],[24.304532,42.76665],[24.305065,42.76666],[24.305591,42.766352],[24.307939,42.76566],[24.308552,42.764844],[24.315642,42.761953],[24.317649,42.76167],[24.318556,42.761253],[24.318468,42.761545],[24.318241,42.761564],[24.318503,42.761491],[24.318512,42.761224],[24.319461,42.760066],[24.321277,42.758647],[24.323743,42.756913],[24.330885,42.753265],[24.332034,42.751832],[24.332802,42.751293],[24.335038,42.750187],[24.335809,42.749995],[24.337955,42.749899],[24.34059,42.749169],[24.341637,42.749226],[24.342802,42.749538],[24.344808,42.751042],[24.347633,42.752142],[24.349745,42.753396],[24.354425,42.754961],[24.355674,42.754225],[24.357292,42.753577],[24.360319,42.752768],[24.364036,42.750811],[24.365555,42.750572],[24.368134,42.752085],[24.370132,42.750924],[24.371408,42.749916],[24.372781,42.749388],[24.374423,42.749257],[24.376198,42.74976],[24.378257,42.748823],[24.379249,42.74859],[24.379824,42.748599],[24.382147,42.749337],[24.383001,42.749379],[24.383503,42.749655],[24.384409,42.749613],[24.384576,42.749778],[24.385015,42.749784],[24.385387,42.749597],[24.385665,42.749992],[24.387258,42.750378],[24.387417,42.750609],[24.38899,42.75115],[24.389558,42.751184],[24.390115,42.751465],[24.391058,42.751244],[24.392222,42.751284],[24.394998,42.752384],[24.396719,42.751353],[24.399949,42.751539],[24.404611,42.752566],[24.40609,42.752331],[24.407023,42.752087],[24.407032,42.751947],[24.407418,42.752037],[24.410362,42.751521],[24.411586,42.751622],[24.413415,42.751104],[24.415128,42.750926],[24.419295,42.751796],[24.422339,42.753082],[24.426445,42.753281],[24.42707,42.753094],[24.42827,42.752229],[24.430494,42.751492],[24.434087,42.751881],[24.435805,42.751616],[24.437426,42.750829],[24.441364,42.749825],[24.442537,42.749201],[24.444058,42.748811],[24.447039,42.749236],[24.449148,42.749187],[24.45035,42.748946],[24.457197,42.750286],[24.459053,42.750137],[24.460863,42.750446],[24.4625,42.750299],[24.46319,42.750458],[24.463829,42.750939],[24.465449,42.751432],[24.465748,42.751643],[24.465976,42.752279],[24.467756,42.753475],[24.47092,42.754357],[24.472562,42.755152],[24.474667,42.756437],[24.476663,42.758417],[24.477435,42.758546],[24.478101,42.759254],[24.478757,42.760418],[24.478995,42.761777],[24.478632,42.762551],[24.478887,42.763249],[24.479914,42.763742],[24.480288,42.764348],[24.480123,42.764983],[24.480426,42.765351],[24.481197,42.765643],[24.481969,42.766622],[24.481974,42.767112],[24.482478,42.768014],[24.482068,42.769672],[24.482295,42.770701],[24.482219,42.771981],[24.482535,42.772199],[24.482189,42.772489],[24.482421,42.773631],[24.482157,42.774457],[24.481498,42.774833],[24.481336,42.775009],[24.481531,42.775091],[24.4812,42.775008]],[[24.481345,42.775016],[24.481667,42.775086],[24.48295,42.77694],[24.482243,42.77733],[24.48156,42.778052],[24.481114,42.780881],[24.483049,42.783138],[24.485291,42.784187],[24.485798,42.785116],[24.486994,42.786142],[24.488449,42.78817],[24.490198,42.789086],[24.49127,42.790413],[24.491492,42.791345],[24.492159,42.792238],[24.49473,42.793631],[24.495247,42.793615],[24.497827,42.792707],[24.498793,42.792717],[24.500089,42.792942],[24.501769,42.794055],[24.50241,42.794178],[24.503075,42.794032],[24.503727,42.793226],[24.50538,42.79259],[24.510626,42.793003],[24.51191,42.792765],[24.512481,42.792474],[24.513417,42.792506],[24.514576,42.791903],[24.515427,42.790832],[24.515405,42.790078],[24.518134,42.789561],[24.51939,42.788745],[24.519638,42.788509],[24.519375,42.787588],[24.519596,42.787405],[24.5215,42.786755],[24.522841,42.787622],[24.523639,42.787482],[24.524264,42.787667],[24.525069,42.787621],[24.527869,42.786449],[24.52883,42.785594],[24.529591,42.785337],[24.529557,42.78518],[24.529625,42.785375],[24.529538,42.785171],[24.529423,42.785308],[24.529614,42.785171],[24.529608,42.785348],[24.529571,42.785239],[24.530209,42.785293],[24.531056,42.785871],[24.532166,42.786157],[24.535108,42.788252],[24.536358,42.788224],[24.537535,42.788498],[24.539997,42.788045],[24.540946,42.788781],[24.543245,42.788954],[24.543842,42.788711],[24.545836,42.78697],[24.546872,42.786372],[24.54826,42.787284],[24.548495,42.787696],[24.548268,42.787722],[24.54933,42.788071],[24.550583,42.788103],[24.552058,42.787812],[24.553095,42.788081],[24.555027,42.788146],[24.556132,42.788389],[24.557118,42.788265],[24.557556,42.788404],[24.558202,42.78821],[24.55902,42.788366],[24.559732,42.78899],[24.560472,42.790212],[24.56093,42.790611],[24.561635,42.790825],[24.564166,42.790768],[24.565701,42.790133],[24.56865,42.789909],[24.569952,42.790134],[24.570114,42.790799],[24.570677,42.791058],[24.573226,42.790778],[24.576807,42.791331],[24.579767,42.791365],[24.581868,42.79184],[24.583132,42.791323],[24.583462,42.790558],[24.584351,42.789862],[24.585668,42.789384],[24.586528,42.788794],[24.587812,42.786553],[24.592283,42.78411],[24.596337,42.782726],[24.598197,42.782632],[24.600884,42.782182],[24.603973,42.780946],[24.605664,42.780639]],[[24.60561,42.780662],[24.605889,42.780413],[24.608315,42.779748],[24.609251,42.778902],[24.610412,42.77827],[24.611124,42.778089],[24.612419,42.778104],[24.613649,42.777892],[24.616378,42.778639],[24.617679,42.778291],[24.62153,42.778125],[24.624349,42.776834],[24.625801,42.775927],[24.627824,42.775317],[24.629683,42.774031],[24.632059,42.773045],[24.633991,42.772812],[24.635473,42.772257],[24.637875,42.770721],[24.638628,42.769707],[24.639586,42.764777],[24.640178,42.763716],[24.642076,42.761764],[24.643164,42.759413],[24.643782,42.757321],[24.646165,42.754398],[24.647022,42.752861],[24.64821,42.751985],[24.649998,42.751261],[24.65001,42.751051],[24.649783,42.751159],[24.65,42.751046],[24.649782,42.751112],[24.649591,42.750948],[24.649595,42.751128],[24.649796,42.751133],[24.649444,42.75085],[24.64982,42.751141],[24.65001,42.751067],[24.64979,42.751104],[24.649841,42.750963],[24.650036,42.750993],[24.649826,42.75108],[24.649746,42.750938],[24.649975,42.751087],[24.649792,42.75113],[24.650058,42.7511],[24.651699,42.7502],[24.651876,42.749349],[24.654316,42.747467],[24.655521,42.746042],[24.657652,42.745757],[24.658845,42.745264],[24.659076,42.744164],[24.658767,42.743866],[24.658764,42.743465],[24.660706,42.74161],[24.662038,42.739486],[24.663802,42.73783],[24.664438,42.735639],[24.665034,42.734508],[24.667212,42.733571],[24.671483,42.732858],[24.671594,42.73257],[24.672866,42.732306],[24.677117,42.732259],[24.680986,42.731292],[24.680813,42.731544],[24.680994,42.73131],[24.680042,42.730168],[24.67912,42.730134],[24.678355,42.72921],[24.676965,42.728818],[24.677964,42.727009],[24.678714,42.726549],[24.67906,42.726011],[24.679429,42.725955],[24.680112,42.725377],[24.681087,42.724974],[24.681482,42.724574],[24.682133,42.724413],[24.684163,42.722701],[24.685443,42.722152],[24.686246,42.72204],[24.687563,42.722379],[24.688901,42.72219],[24.690371,42.721228],[24.691754,42.719883],[24.695809,42.7188],[24.696789,42.717842],[24.700012,42.716342],[24.701516,42.716197],[24.707102,42.717096],[24.710861,42.716681],[24.71182,42.715927],[24.711827,42.715289],[24.712418,42.714431],[24.713323,42.714106],[24.716047,42.715056],[24.71754,42.715096],[24.72206,42.714428],[24.726846,42.713188],[24.729264,42.712804],[24.730253,42.712809],[24.731513,42.713234],[24.732628,42.713371],[24.735007,42.713081],[24.73788,42.714095],[24.74111,42.712716],[24.743228,42.710629],[24.74508,42.710121],[24.747379,42.708872],[24.748791,42.709032],[24.750136,42.708912],[24.75132,42.710418],[24.753788,42.711203],[24.754539,42.711191],[24.755619,42.710857],[24.758134,42.710665],[24.760921,42.71005],[24.761435,42.710565],[24.760912,42.711138]],[[24.760967,42.711053],[24.761691,42.710775],[24.763205,42.711072],[24.763363,42.710803],[24.76386,42.710828],[24.76471,42.711588],[24.765619,42.711854],[24.767899,42.711485],[24.768794,42.711561],[24.771367,42.712238],[24.772471,42.712908],[24.774183,42.713266],[24.779377,42.715275],[24.780165,42.716538],[24.781076,42.720162],[24.783076,42.721325],[24.784436,42.721813],[24.786251,42.723067],[24.788422,42.723824],[24.790093,42.724854],[24.791243,42.724717],[24.793023,42.72416],[24.793333,42.724241],[24.796755,42.723769],[24.797259,42.723448],[24.80287,42.72233],[24.807568,42.722798],[24.808502,42.723276],[24.809304,42.72279],[24.810997,42.722259],[24.812975,42.722639],[24.814637,42.722517],[24.815838,42.722923],[24.81802,42.72307],[24.819184,42.723396],[24.819981,42.7241],[24.820534,42.724286],[24.821291,42.724271],[24.82171,42.724498],[24.824069,42.726238],[24.825105,42.726499],[24.826308,42.726502],[24.828019,42.727116],[24.829084,42.727082],[24.830339,42.727555],[24.831431,42.727493],[24.833295,42.72802],[24.834273,42.72807],[24.835266,42.728526],[24.83685,42.727399],[24.837815,42.727327],[24.8378,42.726718],[24.83906,42.725974],[24.839566,42.725387],[24.839926,42.725336],[24.840403,42.724922],[24.842936,42.724026],[24.845165,42.722049],[24.846455,42.720198],[24.847471,42.71976],[24.849056,42.719756],[24.853291,42.720456],[24.855169,42.720021],[24.857129,42.720099],[24.858553,42.719922],[24.858589,42.719777],[24.859186,42.719625],[24.860839,42.719658],[24.862693,42.718982],[24.863848,42.718208],[24.864718,42.718082],[24.865332,42.717748],[24.866851,42.718313],[24.868644,42.717593],[24.869684,42.716837],[24.870248,42.71677],[24.870641,42.716888],[24.871014,42.717331],[24.872047,42.719461],[24.872787,42.720207],[24.875824,42.721432],[24.877388,42.721546],[24.879832,42.72096],[24.880836,42.721332],[24.881964,42.722257],[24.883026,42.72271],[24.889524,42.722661],[24.894391,42.721373],[24.896999,42.720079],[24.897923,42.719867],[24.901866,42.71959],[24.904183,42.718537],[24.904078,42.718647],[24.904359,42.718647],[24.904118,42.718615],[24.904063,42.718382],[24.904222,42.718553],[24.90406,42.718646],[24.904166,42.718465],[24.904239,42.718603],[24.903918,42.718503],[24.904452,42.718715],[24.903881,42.718663],[24.904189,42.718498],[24.904005,42.71867],[24.903371,42.718444],[24.904353,42.71871],[24.90357,42.718562],[24.904218,42.718532],[24.904226,42.718869],[24.904928,42.719312],[24.90562,42.719501],[24.906428,42.71945],[24.906803,42.719296],[24.906745,42.718996],[24.908338,42.717824],[24.909459,42.717088],[24.910007,42.716983],[24.912878,42.716832],[24.914641,42.716895],[24.915974,42.717239],[24.91762,42.717084],[24.917459,42.7176],[24.917639,42.717499],[24.917502,42.717115],[24.917881,42.716571],[24.918618,42.716596],[24.918477,42.716414],[24.918357,42.716591],[24.918417,42.716421],[24.91834,42.716528],[24.918687,42.716653],[24.917895,42.716292],[24.918012,42.716199],[24.918422,42.716383],[24.917534,42.717113],[24.917613,42.717726],[24.919288,42.720736],[24.919686,42.722978],[24.920962,42.725085],[24.920996,42.725687],[24.920619,42.726726],[24.921561,42.727488],[24.921772,42.727895],[24.922981,42.728529],[24.924116,42.728929],[24.925993,42.72901],[24.926881,42.729802],[24.927739,42.730228],[24.928805,42.730621],[24.930818,42.730872],[24.931567,42.731341],[24.93264,42.730762],[24.933915,42.729561],[24.936091,42.729338],[24.937045,42.728974],[24.937602,42.728047],[24.937762,42.726373],[24.938365,42.725725],[24.939183,42.725256],[24.941434,42.724578],[24.942604,42.723941],[24.944095,42.72175],[24.944886,42.720998],[24.948234,42.719456],[24.949799,42.717655],[24.950645,42.717398],[24.951379,42.71799],[24.951244,42.719519],[24.950849,42.720683],[24.95122,42.722383],[24.951733,42.723144],[24.953007,42.723966],[24.954086,42.726219],[24.956238,42.728056],[24.956217,42.72824],[24.958359,42.72765],[24.960429,42.727785],[24.962704,42.728648],[24.963809,42.730033],[24.964893,42.730655],[24.969654,42.730706],[24.97052,42.731142],[24.972223,42.732773],[24.975053,42.733377],[24.976351,42.734164],[24.979272,42.734568],[24.979427,42.734822],[24.980118,42.735045],[24.985626,42.736309],[24.986905,42.738874],[24.987314,42.740372],[24.989591,42.742338],[24.990115,42.743705],[24.990095,42.744362],[24.990587,42.745299],[24.991048,42.7457],[24.992502,42.746213],[24.99414,42.747119],[24.995266,42.748001],[24.995243,42.748949],[24.995738,42.749292],[24.996937,42.750886],[24.996288,42.750944],[24.996436,42.751187],[24.995482,42.751344],[24.994666,42.751003],[24.993937,42.751164]],[[24.993945,42.75121],[24.996516,42.751215],[24.997757,42.751708],[24.998606,42.751764],[25.000593,42.751309],[25.00227,42.751419],[25.004448,42.752068],[25.005348,42.752005],[25.006006,42.752211],[25.009298,42.751814],[25.012106,42.750595],[25.013456,42.749722],[25.015006,42.748185],[25.01556,42.748383],[25.015683,42.747978],[25.017157,42.748157],[25.018792,42.747797],[25.019024,42.747336],[25.018333,42.746254],[25.018413,42.745305],[25.018801,42.744358],[25.019337,42.743841],[25.019834,42.743736],[25.022726,42.744223],[25.028158,42.745517],[25.029656,42.746178],[25.031067,42.747106],[25.031508,42.747141],[25.032566,42.745994],[25.034425,42.744541],[25.034428,42.743714],[25.034755,42.742887],[25.034387,42.742084],[25.034741,42.741298],[25.035493,42.74103],[25.036105,42.74113],[25.037512,42.742095],[25.03931,42.742958],[25.040197,42.743922],[25.041229,42.744603],[25.042091,42.745856],[25.043754,42.747644],[25.045205,42.749005],[25.046388,42.749591],[25.046194,42.749674],[25.045809,42.749068],[25.045803,42.749402],[25.04627,42.749792],[25.046304,42.750684],[25.046539,42.750329],[25.046349,42.749631],[25.047473,42.749572],[25.048856,42.74821],[25.052224,42.745896],[25.058731,42.744744],[25.065102,42.744506],[25.06613,42.744613],[25.067328,42.744939],[25.069106,42.746128],[25.069612,42.746763],[25.070095,42.746897],[25.070475,42.746807],[25.071678,42.747243],[25.072461,42.748021],[25.074875,42.749001],[25.083067,42.751085],[25.084251,42.751564],[25.086292,42.751536],[25.086576,42.751373],[25.087771,42.751555],[25.089057,42.752069],[25.089408,42.751982],[25.089614,42.752331],[25.093111,42.75261],[25.096606,42.753764],[25.099586,42.75609],[25.100214,42.75757],[25.100257,42.758381],[25.100795,42.758773],[25.101723,42.760235],[25.101782,42.760823],[25.101459,42.761528],[25.101779,42.761698],[25.104322,42.761654],[25.107294,42.762647],[25.108548,42.761848],[25.109596,42.762],[25.110621,42.761634],[25.111445,42.76163],[25.113287,42.759915],[25.113631,42.759112],[25.114873,42.75845],[25.114557,42.758777],[25.114884,42.758398],[25.113949,42.759164],[25.114664,42.758562],[25.115112,42.758645],[25.11707,42.758397],[25.118677,42.758731],[25.120691,42.75946],[25.121821,42.75932],[25.123292,42.759811],[25.125015,42.759941],[25.130185,42.759882],[25.13355,42.760747],[25.134722,42.761303],[25.135958,42.762371],[25.138892,42.763637],[25.140992,42.765042],[25.14157,42.765582],[25.142525,42.767074],[25.143135,42.767585],[25.143821,42.768599],[25.143935,42.76938],[25.145002,42.770765],[25.14571,42.770956],[25.149477,42.770593],[25.151917,42.770016],[25.153498,42.770527],[25.155773,42.771652],[25.157264,42.773253],[25.160329,42.778226],[25.16163,42.778014],[25.163163,42.778039],[25.16394,42.777692],[25.164638,42.778094],[25.167189,42.778543],[25.169757,42.778459],[25.170769,42.779543],[25.172389,42.780277],[25.17535,42.782989],[25.177017,42.784031],[25.177814,42.785494],[25.178683,42.786025],[25.18037,42.786334],[25.181248,42.786051],[25.182874,42.785944],[25.18523,42.786558],[25.185893,42.786521],[25.187635,42.785777],[25.189826,42.785291],[25.190619,42.78479],[25.192131,42.784662],[25.193457,42.783798],[25.195093,42.78344],[25.196845,42.783639],[25.197181,42.784147],[25.198275,42.784162]],[[25.197706,42.784385],[25.197822,42.78401],[25.199243,42.783468],[25.200041,42.781949],[25.201414,42.780956],[25.203079,42.780187],[25.203951,42.780269],[25.204746,42.779706],[25.205864,42.779538],[25.208541,42.779938],[25.209726,42.779849],[25.210512,42.779513],[25.210341,42.779103],[25.210632,42.778586],[25.210987,42.776715],[25.213344,42.774947],[25.213678,42.774055],[25.214453,42.773503],[25.214084,42.772121],[25.215053,42.771158],[25.215792,42.770892],[25.216918,42.77087],[25.217731,42.770535],[25.218688,42.769773],[25.219323,42.768397],[25.220126,42.765241],[25.22192,42.764167],[25.223831,42.763556],[25.22427,42.763106],[25.226295,42.762043],[25.227081,42.761048],[25.227769,42.760533],[25.227683,42.760315],[25.229556,42.759823],[25.230854,42.759106],[25.232275,42.759388],[25.233204,42.756765],[25.236227,42.754644],[25.236473,42.753659],[25.237161,42.752807],[25.237702,42.751616],[25.238845,42.750939],[25.240828,42.751543],[25.243324,42.75181],[25.244206,42.752203],[25.246306,42.752739],[25.247595,42.752849],[25.249113,42.751752],[25.251304,42.750969],[25.251691,42.750668],[25.252828,42.750497],[25.253862,42.749737],[25.255712,42.749539],[25.256886,42.750038],[25.258181,42.75101],[25.26054,42.751279],[25.262699,42.751826],[25.263013,42.751747],[25.263854,42.750929],[25.264145,42.75119],[25.264263,42.751727],[25.265075,42.752314],[25.266823,42.752328],[25.267576,42.752505],[25.267669,42.752372],[25.268994,42.753127],[25.270306,42.753493],[25.270232,42.754095],[25.270679,42.754452],[25.271439,42.753741],[25.271839,42.753812],[25.27189,42.753518],[25.272282,42.753248],[25.273641,42.752588],[25.274413,42.751806],[25.275511,42.753061],[25.276017,42.753286],[25.276492,42.752878],[25.276611,42.752481],[25.277006,42.752774],[25.277411,42.752513],[25.278582,42.752878],[25.278997,42.752396],[25.279799,42.752339],[25.281644,42.751519],[25.2823,42.75149],[25.284026,42.750798]],[[25.318357,42.755232],[25.318694,42.754896],[25.319264,42.753403],[25.319979,42.752747],[25.32151,42.752662],[25.323198,42.751541],[25.324181,42.751203],[25.324649,42.750664],[25.325003,42.750783],[25.325444,42.751858],[25.326381,42.751777],[25.327435,42.751146],[25.327485,42.75045],[25.327915,42.749981],[25.329183,42.74926],[25.330447,42.749238],[25.33176,42.749498],[25.333077,42.748432],[25.334972,42.748197],[25.335585,42.747962],[25.338162,42.748158],[25.339404,42.748518],[25.340015,42.74824],[25.340635,42.748173],[25.341189,42.74839],[25.342074,42.748196],[25.342204,42.747888],[25.341935,42.746657],[25.342429,42.745941],[25.342828,42.744694],[25.344014,42.742738],[25.345877,42.741716],[25.347134,42.741424],[25.350248,42.741406],[25.350833,42.741235],[25.350795,42.740785],[25.351234,42.740684],[25.352475,42.740985],[25.353655,42.740942],[25.35597,42.740465],[25.355042,42.740649],[25.356462,42.740713],[25.357931,42.741171],[25.358516,42.741174],[25.360811,42.7403],[25.361742,42.740339],[25.362044,42.740639],[25.362888,42.740192],[25.363962,42.74041],[25.364826,42.740277],[25.365833,42.740472],[25.366504,42.741106],[25.367623,42.741424],[25.369539,42.741166],[25.37138,42.741547],[25.372495,42.741434],[25.373029,42.741542],[25.374014,42.741274],[25.3749,42.741383],[25.37605,42.741096],[25.376999,42.741064],[25.376935,42.740958],[25.377651,42.740788],[25.378308,42.740823],[25.38146,42.738905],[25.383448,42.739133],[25.383477,42.738981],[25.384355,42.738918],[25.385045,42.738259],[25.386509,42.73735],[25.387963,42.734215],[25.387841,42.732527],[25.387236,42.731654],[25.387626,42.731497],[25.388653,42.731897],[25.391106,42.731989],[25.392587,42.732612],[25.394017,42.732387],[25.394903,42.73206],[25.396281,42.732438],[25.396712,42.732378],[25.397081,42.732655],[25.397396,42.732591],[25.397256,42.732441],[25.397353,42.73253],[25.397832,42.731852],[25.399661,42.731441],[25.401195,42.730367],[25.402023,42.730784],[25.40265,42.731995],[25.403284,42.732455],[25.403123,42.733477],[25.403332,42.735688],[25.402963,42.73715],[25.403398,42.737692],[25.405138,42.738309],[25.407004,42.738603],[25.408295,42.739382],[25.409406,42.739416],[25.410786,42.73904],[25.411289,42.73862],[25.411767,42.736742],[25.412415,42.735824],[25.414163,42.735686],[25.414812,42.735274],[25.416498,42.73492],[25.419566,42.734956],[25.421438,42.735464],[25.420796,42.735143],[25.420595,42.735106],[25.423121,42.736395],[25.424444,42.737909],[25.424564,42.73899],[25.424918,42.739737],[25.426996,42.740561],[25.428355,42.740313],[25.428708,42.740404],[25.428886,42.740638],[25.428911,42.742531],[25.428707,42.74367],[25.429552,42.744251],[25.430835,42.745907],[25.431849,42.746112],[25.43351,42.747013],[25.434332,42.748009],[25.434452,42.748914],[25.43355,42.755385],[25.434399,42.757203],[25.434211,42.759607],[25.436487,42.76174],[25.437508,42.761983],[25.439811,42.763054],[25.441721,42.763395],[25.443073,42.763885],[25.444163,42.763766],[25.445092,42.763078],[25.447758,42.762286],[25.44915,42.761519],[25.450652,42.761735],[25.452483,42.761678],[25.453298,42.761951],[25.453851,42.761934],[25.455179,42.762591],[25.456232,42.762747],[25.456517,42.762648],[25.457458,42.763108],[25.458988,42.763368],[25.461444,42.764194],[25.462866,42.763987],[25.463535,42.764213],[25.465596,42.764232],[25.468622,42.764683],[25.471892,42.763622],[25.473551,42.763738],[25.473707,42.763601],[25.473732,42.763756],[25.475194,42.763995],[25.477129,42.76599],[25.477538,42.766725],[25.478672,42.767515],[25.47965,42.767847],[25.481597,42.767639],[25.484087,42.767719],[25.484671,42.76704],[25.484331,42.765831],[25.485332,42.766602],[25.486638,42.767057],[25.487664,42.766282],[25.489224,42.76554],[25.489702,42.765592],[25.491939,42.764761],[25.493143,42.76459],[25.493412,42.763789],[25.494021,42.763361],[25.494596,42.763302],[25.495613,42.763743],[25.495964,42.764258],[25.496465,42.764323],[25.498464,42.763838],[25.500113,42.76441],[25.501339,42.764487],[25.502694,42.765178],[25.503022,42.765085],[25.502793,42.764932],[25.503066,42.764942],[25.503293,42.764604],[25.50305,42.764313],[25.502864,42.764953],[25.50305,42.765361],[25.503408,42.765528],[25.504959,42.765118],[25.506282,42.765196],[25.507798,42.764655],[25.508724,42.764521],[25.508956,42.764642],[25.508848,42.76501],[25.509026,42.765194],[25.510322,42.765732],[25.511503,42.765797],[25.511878,42.765718],[25.512157,42.765263],[25.512464,42.765183],[25.513766,42.765578],[25.514913,42.765405],[25.51518,42.764601],[25.515893,42.764251],[25.516737,42.763321],[25.517742,42.762835],[25.518281,42.762803],[25.519457,42.763318],[25.520315,42.764033],[25.52266,42.763968],[25.523028,42.764289],[25.522757,42.765067],[25.522916,42.765402],[25.523958,42.766108],[25.524357,42.766144],[25.524615,42.765802],[25.525529,42.765619],[25.526286,42.765018],[25.526637,42.76515],[25.527202,42.765832],[25.529195,42.766864],[25.52998,42.7666],[25.531215,42.766643],[25.531874,42.766885],[25.533923,42.766404],[25.534683,42.766496],[25.535459,42.766235],[25.536745,42.766402],[25.537488,42.766179],[25.538739,42.76638],[25.539418,42.766124],[25.540352,42.766461],[25.542219,42.766233],[25.543759,42.76638],[25.545833,42.765891],[25.546612,42.766062],[25.546929,42.765893],[25.550616,42.765551],[25.551592,42.765748],[25.552395,42.766176],[25.553436,42.766253],[25.554182,42.766649],[25.554067,42.767766],[25.552463,42.768902],[25.552057,42.76937],[25.55214,42.769664],[25.551507,42.76955],[25.5517,42.769732],[25.552177,42.769579],[25.5521,42.769855],[25.55229,42.769451],[25.552678,42.769698],[25.55304,42.769656],[25.554437,42.769121],[25.554677,42.768853],[25.555747,42.769387],[25.55665,42.769537],[25.556647,42.769842],[25.557693,42.770779],[25.560464,42.771445],[25.560455,42.772273],[25.561256,42.772823],[25.562349,42.772701],[25.563505,42.773117],[25.566062,42.772955],[25.566827,42.772669],[25.568571,42.773126],[25.569925,42.773238],[25.570781,42.773764],[25.574269,42.775229],[25.574528,42.775684],[25.573984,42.776205],[25.573952,42.77671],[25.574274,42.77794],[25.574687,42.778355],[25.576358,42.77882],[25.57905,42.778886],[25.580232,42.779209],[25.580977,42.779626],[25.581213,42.779839],[25.580945,42.78032],[25.581428,42.780872],[25.581333,42.781604],[25.581019,42.781944],[25.581381,42.782212],[25.582445,42.781946],[25.583293,42.78194],[25.585283,42.781039],[25.58537,42.781164],[25.586204,42.78065],[25.587702,42.78046],[25.588261,42.780234],[25.589112,42.780271],[25.589944,42.781305],[25.591059,42.781391],[25.593063,42.782253],[25.595583,42.781998],[25.596947,42.782628],[25.59796,42.783912],[25.598853,42.784596],[25.599305,42.785332],[25.59971,42.785204],[25.600222,42.784472],[25.601212,42.784154],[25.601485,42.7837],[25.602334,42.783884],[25.603092,42.783781],[25.604226,42.784327],[25.60623,42.784306],[25.608248,42.785345],[25.60902,42.785567],[25.61084,42.785588],[25.611496,42.786023],[25.612372,42.786296],[25.613047,42.786305],[25.613301,42.786486],[25.613709,42.786244],[25.61429,42.786269],[25.615093,42.786545],[25.615429,42.787266],[25.617788,42.78657],[25.618233,42.786176],[25.619249,42.785804],[25.620578,42.785528],[25.621516,42.78558],[25.622879,42.784649],[25.625156,42.785234],[25.626366,42.784464],[25.62787,42.784677],[25.628338,42.784582],[25.629101,42.784064],[25.629326,42.783459],[25.630909,42.78296],[25.6321,42.782236],[25.63277,42.782052],[25.633438,42.782479],[25.63391,42.783669],[25.635297,42.785771],[25.635486,42.786566],[25.635972,42.787114],[25.636453,42.787307],[25.635967,42.788105],[25.63618,42.788564],[25.639489,42.789241],[25.639326,42.79006],[25.638039,42.790868],[25.638225,42.791307],[25.640365,42.792003],[25.641477,42.792568],[25.642212,42.792367],[25.643508,42.792383],[25.645556,42.791667],[25.647095,42.791621],[25.650112,42.793419],[25.653202,42.793701],[25.653777,42.794315],[25.657484,42.793884],[25.65882,42.792516]],[[25.659481,42.792806],[25.659698,42.79328],[25.66044,42.79346],[25.661725,42.79421],[25.661349,42.794488],[25.66042,42.794602],[25.660452,42.795082],[25.66113,42.795465],[25.66133,42.796004],[25.661761,42.795669],[25.662086,42.795646],[25.663482,42.796091],[25.664775,42.796224],[25.667128,42.795181],[25.668729,42.795099],[25.670147,42.79524],[25.672229,42.795093],[25.674341,42.795709],[25.675437,42.796355],[25.676903,42.796884],[25.677127,42.797205],[25.677414,42.797202]],[[25.678293,42.798279],[25.678769,42.79916],[25.677642,42.800923],[25.677553,42.802551],[25.679314,42.805052],[25.680413,42.805712],[25.681552,42.807139],[25.683777,42.806888],[25.686143,42.806349],[25.687858,42.806245],[25.689164,42.806775],[25.690396,42.806695],[25.692351,42.807011],[25.693821,42.807528],[25.694968,42.807561],[25.695897,42.808179],[25.696897,42.808072],[25.698545,42.808381],[25.701182,42.808476],[25.703234,42.807887],[25.70406,42.806651],[25.704762,42.806496],[25.705399,42.806085],[25.706617,42.805883],[25.706951,42.805311],[25.706889,42.804679],[25.708386,42.803439],[25.709135,42.803229],[25.709566,42.803502],[25.710781,42.803786],[25.711286,42.8036],[25.712808,42.803565],[25.714384,42.804112],[25.714725,42.804389],[25.715242,42.804444],[25.715772,42.804261],[25.716898,42.802973],[25.717456,42.802804],[25.71864,42.801464],[25.718677,42.79995],[25.719314,42.798618],[25.718965,42.79664],[25.719347,42.795968],[25.719502,42.794967],[25.719577,42.793147],[25.719382,42.792434],[25.721298,42.791247],[25.721907,42.790037],[25.722975,42.789495],[25.724036,42.78958],[25.726146,42.788616],[25.729027,42.789342],[25.730192,42.789188],[25.731146,42.789519],[25.732884,42.78961],[25.734755,42.789506],[25.735698,42.78901],[25.737221,42.788834],[25.738962,42.789108],[25.741429,42.788874],[25.744639,42.788865],[25.747378,42.787628],[25.75005,42.787015],[25.752137,42.786213],[25.753185,42.784796],[25.753245,42.784373],[25.752767,42.78382],[25.751963,42.783345],[25.75261,42.783191],[25.751982,42.783289],[25.75414,42.783303],[25.755525,42.784043],[25.756457,42.783986],[25.75716,42.783652],[25.757759,42.782883],[25.759093,42.78272],[25.759696,42.78249],[25.759779,42.782165],[25.75953,42.782395],[25.759682,42.782451],[25.759546,42.782319],[25.759141,42.782804],[25.758283,42.78318],[25.75784,42.785097],[25.758108,42.78533],[25.758433,42.785091],[25.759581,42.784895],[25.759783,42.784752],[25.759641,42.784607],[25.759832,42.784676],[25.76089,42.783898],[25.761091,42.783391],[25.762798,42.781584],[25.76251,42.781521],[25.762886,42.781294],[25.762573,42.781062],[25.763076,42.780112],[25.764186,42.780202],[25.764458,42.78079],[25.76582,42.780752],[25.768385,42.781646],[25.769362,42.781209],[25.770646,42.780258],[25.773012,42.779312],[25.773537,42.779273],[25.775275,42.779867],[25.775972,42.78064],[25.77635,42.78147],[25.776842,42.781696],[25.777203,42.782173],[25.778431,42.782863],[25.779936,42.783378],[25.781415,42.78434],[25.78538,42.784362],[25.786309,42.784656],[25.787777,42.78418],[25.789392,42.784377],[25.790205,42.784103],[25.792676,42.784085],[25.796229,42.782951],[25.798237,42.783293],[25.800035,42.782918],[25.803793,42.782767],[25.804832,42.782904],[25.806075,42.782631],[25.809176,42.782836],[25.80979,42.782711],[25.810566,42.782939],[25.811912,42.783013],[25.813403,42.782755],[25.813866,42.783189],[25.813633,42.782758],[25.814862,42.782182],[25.815492,42.781347],[25.816229,42.78079],[25.816604,42.780144],[25.818203,42.779365],[25.819018,42.779311],[25.819801,42.778846],[25.821564,42.779037],[25.822798,42.778844],[25.825506,42.779543],[25.826118,42.779885],[25.826994,42.77994],[25.828474,42.779467],[25.829823,42.778477],[25.831796,42.778182],[25.833281,42.778462],[25.834576,42.778384],[25.836579,42.778037],[25.837402,42.777531],[25.837824,42.777511],[25.839167,42.778295],[25.840342,42.778431],[25.840773,42.77874],[25.842298,42.779098],[25.845135,42.779237],[25.846058,42.779662],[25.846696,42.779593],[25.8465,42.77973],[25.849022,42.779711],[25.851126,42.782225],[25.85315,42.782743],[25.855264,42.783756],[25.855916,42.783904],[25.856788,42.783634],[25.858125,42.782816],[25.858612,42.782946],[25.859118,42.782644],[25.859593,42.782686],[25.86163,42.781759],[25.863093,42.781592],[25.864577,42.780968],[25.865161,42.780954],[25.865991,42.780629],[25.867326,42.780557],[25.868186,42.780321],[25.870402,42.781551],[25.872773,42.781843],[25.873626,42.781738],[25.875125,42.781981],[25.875847,42.782309],[25.877552,42.782158],[25.878687,42.782871],[25.878612,42.783585],[25.879216,42.784553],[25.878651,42.785542],[25.878743,42.786164],[25.879299,42.786866],[25.878998,42.788358],[25.880196,42.789075],[25.88122,42.790251],[25.882144,42.790662],[25.883093,42.790819],[25.885192,42.789904],[25.887333,42.789529],[25.887895,42.789666]],[[25.888029,42.789363],[25.888136,42.789719],[25.888832,42.788862],[25.888855,42.788986],[25.889828,42.789105],[25.890655,42.78901],[25.891773,42.789164],[25.892932,42.789695],[25.894375,42.789684],[25.896029,42.790242],[25.896548,42.790265],[25.897546,42.789875],[25.897505,42.789556],[25.898221,42.788476],[25.898708,42.788139],[25.900544,42.788762],[25.901489,42.789431],[25.903055,42.789431],[25.903748,42.789271],[25.90407,42.789386],[25.904619,42.789208],[25.905951,42.788273],[25.906709,42.787411],[25.907378,42.78712],[25.908213,42.787556],[25.908675,42.787504],[25.908829,42.787705],[25.910545,42.78815],[25.910824,42.788364],[25.91171,42.788462],[25.914371,42.789502],[25.915279,42.789506],[25.916307,42.78919],[25.916368,42.789026],[25.916364,42.789242],[25.917104,42.78923],[25.918022,42.790264],[25.919024,42.790601],[25.919656,42.791117],[25.920635,42.791489],[25.921989,42.791655],[25.924011,42.791362],[25.924756,42.791751],[25.925654,42.791733],[25.926698,42.791953],[25.927047,42.792371],[25.927324,42.792422],[25.92811,42.792046],[25.930135,42.790292],[25.930734,42.790231],[25.932823,42.789316],[25.935297,42.787049],[25.936657,42.786592],[25.937653,42.786729],[25.940071,42.78783],[25.941117,42.788086],[25.943975,42.787835],[25.946348,42.788442],[25.946982,42.788838],[25.947764,42.788746],[25.949031,42.788928],[25.95125,42.788682],[25.952728,42.788966],[25.955115,42.788933],[25.958364,42.788452],[25.958808,42.788168],[25.95989,42.786741],[25.959507,42.786909],[25.959645,42.786954],[25.959415,42.786852],[25.959694,42.786846],[25.9593,42.786774],[25.959888,42.786817],[25.960054,42.787002],[25.959536,42.78673],[25.959946,42.786765],[25.959914,42.786995],[25.959746,42.786646],[25.959899,42.786967],[25.959751,42.786735],[25.960046,42.786765],[25.96028,42.786556],[25.959821,42.786754],[25.95997,42.786805],[25.959717,42.786726],[25.959787,42.78691],[25.959822,42.786642],[25.959975,42.786695],[25.959827,42.78671],[25.960008,42.7869],[25.9597,42.786437],[25.95982,42.786677],[25.959495,42.786428],[25.960246,42.786561],[25.960693,42.785929],[25.961743,42.785875],[25.962935,42.786219],[25.965702,42.788043],[25.966936,42.788224],[25.967625,42.788528],[25.967916,42.789177],[25.967704,42.789825],[25.968027,42.790189],[25.969709,42.790865],[25.972841,42.791159],[25.973882,42.791161],[25.975335,42.790494],[25.977248,42.791727],[25.978211,42.79204],[25.979619,42.792811],[25.980524,42.793792],[25.982184,42.794759],[25.98273,42.794786],[25.983212,42.79453],[25.984485,42.794313],[25.986142,42.794256],[25.986502,42.793949],[25.987158,42.793768],[25.989177,42.793643],[25.989902,42.793807],[25.990938,42.794392],[25.991696,42.79432],[25.992309,42.794517],[25.992812,42.794397],[25.993365,42.794521],[25.994695,42.795301],[25.995427,42.795351],[25.995815,42.795568],[25.997699,42.795604],[25.998307,42.795257],[25.998234,42.795438],[25.998688,42.795715],[26.001004,42.795754],[26.001957,42.796821],[26.002298,42.796968],[26.002361,42.796844],[26.00217,42.796811],[26.002441,42.797265],[26.004987,42.799584],[26.005779,42.799845],[26.006474,42.800553],[26.008147,42.801264],[26.008774,42.801727],[26.010442,42.802179],[26.01132,42.803042],[26.011271,42.803962],[26.012337,42.803922],[26.013578,42.80336],[26.014753,42.803864],[26.015406,42.803678],[26.014922,42.803806],[26.015191,42.803902],[26.015602,42.803549],[26.017619,42.802764],[26.018117,42.802356],[26.018491,42.802354],[26.019459,42.803353],[26.020752,42.804232],[26.020631,42.804888],[26.021561,42.806778],[26.021531,42.807215],[26.020995,42.808114],[26.02116,42.808639],[26.022558,42.810094],[26.025241,42.811382],[26.026316,42.811283],[26.027821,42.811794],[26.029276,42.811809],[26.029742,42.812008],[26.030522,42.811921],[26.031452,42.812179],[26.032907,42.811982],[26.034041,42.81241],[26.034949,42.812299],[26.036686,42.811528],[26.037407,42.811389],[26.039116,42.810174],[26.039795,42.810091],[26.041013,42.809505],[26.04438,42.808594],[26.044829,42.807919],[26.045784,42.807417],[26.046439,42.806861],[26.04638,42.806685],[26.048481,42.807784],[26.048728,42.808231],[26.050575,42.809936],[26.053183,42.810194],[26.054703,42.810134],[26.055336,42.810468],[26.055903,42.810358],[26.05704,42.810565],[26.058712,42.81117],[26.060014,42.81123],[26.061386,42.811629],[26.062747,42.812237],[26.064335,42.811898],[26.065698,42.811268],[26.067786,42.811111],[26.068664,42.811488],[26.068684,42.811769],[26.068762,42.811541],[26.069538,42.81174],[26.070415,42.812296],[26.071098,42.81332],[26.071871,42.813609],[26.072441,42.814117],[26.07368,42.81441],[26.074073,42.814703],[26.074745,42.814884],[26.076006,42.814662],[26.078256,42.814953],[26.081392,42.815774],[26.083336,42.815735],[26.083608,42.815873],[26.083662,42.815752],[26.084284,42.815969],[26.084866,42.816758],[26.086707,42.817448],[26.086774,42.81808],[26.0874,42.818661],[26.088199,42.818913],[26.090307,42.820464],[26.090598,42.820394],[26.090453,42.820499],[26.09292,42.820862],[26.093754,42.82141],[26.096065,42.822295],[26.097013,42.822463],[26.097841,42.822257],[26.100745,42.822856],[26.101112,42.823086],[26.101979,42.822785],[26.102321,42.822293],[26.102902,42.822005],[26.104604,42.822167],[26.107267,42.821688],[26.107791,42.82217],[26.109355,42.821596],[26.110589,42.820866],[26.111993,42.82064],[26.115231,42.820737],[26.115724,42.820524],[26.116807,42.82064],[26.117431,42.820472],[26.118863,42.820762],[26.121492,42.820266],[26.12231,42.820609],[26.122395,42.820468],[26.123358,42.820483],[26.124045,42.820215],[26.123943,42.820071],[26.124105,42.820599],[26.124866,42.820717],[26.125909,42.820446],[26.12776,42.81939],[26.128111,42.819106],[26.128212,42.818586],[26.13042,42.818305],[26.131808,42.817273],[26.135645,42.81637],[26.136525,42.816684],[26.137979,42.816226],[26.138887,42.816388],[26.139793,42.816315],[26.14158,42.81664],[26.142103,42.817346],[26.142299,42.818093],[26.143524,42.819164],[26.144369,42.819213],[26.145238,42.818991],[26.147784,42.820478],[26.148754,42.820718],[26.149427,42.820678],[26.15137,42.821906],[26.15252,42.822305],[26.153511,42.82215],[26.154434,42.821259],[26.154784,42.821282],[26.154451,42.821226],[26.154551,42.821138],[26.156226,42.821107],[26.15652,42.821027],[26.156422,42.820819],[26.156499,42.820957],[26.157183,42.820896],[26.158536,42.82015],[26.160202,42.820371],[26.162064,42.819829],[26.16426,42.820183],[26.165319,42.819607],[26.165871,42.818968],[26.16669,42.819219],[26.167743,42.820448],[26.167989,42.820489],[26.169775,42.819908],[26.171016,42.818876],[26.173061,42.818413],[26.175049,42.819009],[26.175558,42.819416],[26.176342,42.820644],[26.177334,42.821164],[26.17776,42.821035],[26.178466,42.820176],[26.178564,42.818915],[26.179317,42.81874],[26.179818,42.818859],[26.180195,42.820331],[26.181049,42.820935],[26.182595,42.820629],[26.184799,42.820735],[26.185734,42.820938],[26.186874,42.820851],[26.190399,42.818756],[26.191387,42.818806],[26.192592,42.818365],[26.193565,42.818405],[26.194887,42.817892],[26.197382,42.818495],[26.197883,42.818407],[26.20039,42.819147],[26.200628,42.819355],[26.201244,42.819328],[26.204764,42.820406],[26.206352,42.82021],[26.207692,42.819684],[26.209117,42.819853],[26.210007,42.820521],[26.211161,42.82062],[26.211798,42.820255],[26.212376,42.819144]],[[26.211827,42.819733],[26.211897,42.820388],[26.212275,42.820666],[26.212833,42.821732],[26.213431,42.822235],[26.214209,42.82251],[26.214473,42.824515],[26.213811,42.82519],[26.214483,42.825286],[26.21588,42.827019],[26.216403,42.827286],[26.217326,42.82886],[26.216884,42.831795],[26.216911,42.832256],[26.217473,42.832793],[26.218252,42.832902],[26.219071,42.832402],[26.219437,42.832502],[26.220085,42.832249],[26.221707,42.832526],[26.222981,42.832284],[26.226029,42.833304],[26.226923,42.833118],[26.227316,42.833304],[26.22798,42.833286],[26.22903,42.83271],[26.229852,42.832688],[26.230885,42.832904],[26.231445,42.832836],[26.232669,42.833349],[26.234522,42.831959],[26.235136,42.831849],[26.235857,42.832201],[26.237087,42.832272],[26.23813,42.832539],[26.238511,42.832363],[26.238618,42.832062],[26.240057,42.832212],[26.243286,42.831195],[26.244499,42.831284],[26.245525,42.831905],[26.247419,42.831823],[26.247918,42.832095],[26.250454,42.831366],[26.253186,42.831733],[26.255343,42.831482],[26.258385,42.832492],[26.259161,42.832964],[26.260442,42.833263],[26.261198,42.833201],[26.262025,42.833406],[26.262954,42.833231],[26.26363,42.833362],[26.266632,42.833309],[26.267719,42.83368],[26.268272,42.834395],[26.269562,42.835044],[26.271081,42.834577],[26.272162,42.834616],[26.273721,42.83529],[26.27525,42.835193],[26.277163,42.835554],[26.279926,42.834996],[26.280294,42.834279],[26.281224,42.833439],[26.281682,42.83336],[26.2832,42.833747],[26.284802,42.833163],[26.286305,42.834285],[26.287298,42.834512],[26.287947,42.834891],[26.288524,42.835012],[26.290637,42.834889],[26.291732,42.835196],[26.293284,42.836997],[26.293464,42.836973],[26.293407,42.837619],[26.295733,42.839046],[26.296232,42.840496],[26.296763,42.841066],[26.297869,42.841714],[26.299833,42.842498],[26.304781,42.843404],[26.306124,42.843975],[26.309415,42.844281],[26.309124,42.844331],[26.309942,42.84483],[26.314622,42.846018],[26.316003,42.847829],[26.316236,42.849372],[26.316636,42.849707],[26.316659,42.850334],[26.317776,42.852724],[26.318637,42.853154],[26.320705,42.853476],[26.321932,42.853623],[26.323044,42.853545],[26.323861,42.853233],[26.325074,42.85234],[26.326101,42.852156],[26.327837,42.851055],[26.330039,42.850541],[26.331638,42.850572],[26.332296,42.850426],[26.334054,42.849684],[26.337382,42.847756],[26.338182,42.847812],[26.339455,42.847508],[26.340271,42.847772],[26.350293,42.845408],[26.351341,42.845551],[26.352021,42.847237],[26.352096,42.84767],[26.351824,42.847953],[26.35293,42.848655],[26.35366,42.84969],[26.354576,42.850439],[26.354748,42.850896],[26.354608,42.851994],[26.355124,42.852395],[26.357644,42.851836],[26.359568,42.850774],[26.360478,42.850488],[26.361813,42.850291],[26.362924,42.851019],[26.36368,42.851175],[26.364779,42.850892],[26.365319,42.850475],[26.368543,42.84912],[26.371979,42.848954],[26.372877,42.848637],[26.37422,42.847713],[26.377854,42.847586],[26.37942,42.847246],[26.380578,42.84677],[26.381244,42.84677],[26.382354,42.847184],[26.384009,42.848217],[26.387621,42.849136],[26.390521,42.849346],[26.391322,42.849201],[26.392227,42.84937],[26.393873,42.848722],[26.395017,42.849765],[26.395986,42.851314],[26.396982,42.851731],[26.397815,42.851805],[26.398183,42.852098],[26.399229,42.852235],[26.399868,42.851928],[26.400621,42.851827],[26.401825,42.851075],[26.40356,42.851841],[26.404057,42.852604],[26.404703,42.852515],[26.405237,42.852076],[26.405698,42.852273],[26.406114,42.852166],[26.406612,42.852299],[26.407696,42.851259],[26.408697,42.851231],[26.408972,42.850657],[26.40941,42.851204],[26.409823,42.851203],[26.410542,42.85169],[26.412542,42.852371],[26.414099,42.852619],[26.41573,42.851995],[26.416563,42.852196],[26.417641,42.85189],[26.418141,42.852017],[26.421806,42.850069],[26.42351,42.85073],[26.423778,42.85066],[26.422817,42.850446],[26.423665,42.850698],[26.424552,42.850619],[26.426471,42.850826],[26.427885,42.851565],[26.428534,42.8524],[26.428803,42.853315],[26.42935,42.853748],[26.429532,42.854248],[26.430118,42.854614],[26.430993,42.856224],[26.432589,42.857638],[26.432889,42.858365],[26.433079,42.860172],[26.43271,42.860635],[26.432028,42.860952],[26.431306,42.862027],[26.431738,42.86325],[26.431698,42.864328],[26.43059,42.866527],[26.431252,42.866889],[26.430731,42.867263],[26.429746,42.867419],[26.427787,42.868136],[26.426897,42.869677],[26.426809,42.870603],[26.427893,42.871848],[26.428716,42.872029],[26.429578,42.87284],[26.429659,42.874017],[26.430452,42.875501],[26.42948,42.877678],[26.430261,42.878121],[26.432092,42.879847],[26.43234,42.880249],[26.432356,42.881302],[26.431469,42.882249],[26.432496,42.88263],[26.432751,42.883529],[26.432982,42.883657],[26.433253,42.883571]],[[26.433229,42.883529],[26.433912,42.883814],[26.436373,42.883854],[26.437841,42.884499],[26.439852,42.886172],[26.440099,42.886924],[26.440884,42.887466],[26.442381,42.887659],[26.444274,42.889502],[26.445087,42.889504],[26.446152,42.88921],[26.446773,42.889375],[26.446955,42.889841],[26.446814,42.889731],[26.446688,42.889841],[26.446921,42.889818],[26.446987,42.888972],[26.447384,42.8895],[26.449544,42.889665],[26.44982,42.888559],[26.450398,42.888328],[26.450422,42.887554],[26.452436,42.889861],[26.458458,42.898813],[26.458304,42.899225],[26.459293,42.899049],[26.459859,42.899796],[26.460945,42.900372],[26.461639,42.900413],[26.462483,42.899947],[26.46283,42.899988],[26.465518,42.901463],[26.466952,42.901947],[26.467856,42.902724],[26.468606,42.902976],[26.469765,42.902849],[26.471297,42.902011],[26.472663,42.902876],[26.472539,42.90309],[26.472875,42.90329],[26.473949,42.903515],[26.474424,42.90371],[26.474756,42.904133],[26.475313,42.90423],[26.475525,42.904865],[26.47615,42.905314],[26.475698,42.905922],[26.476109,42.906066],[26.477524,42.907503],[26.479318,42.90892],[26.479733,42.909927],[26.480524,42.910785],[26.480636,42.912159],[26.481235,42.912689],[26.483321,42.91314],[26.483807,42.913526],[26.484192,42.915866],[26.48733,42.917191],[26.487265,42.917047],[26.489867,42.917819],[26.4933,42.919527],[26.494374,42.919716],[26.496043,42.919718],[26.497328,42.920484],[26.498948,42.921899],[26.499465,42.922522],[26.499339,42.922872],[26.499556,42.923499],[26.500666,42.923789],[26.501272,42.924472],[26.503049,42.924733],[26.505587,42.924552],[26.506915,42.924032],[26.507835,42.92434],[26.5088,42.925157],[26.510022,42.925295],[26.510844,42.925705],[26.511492,42.925814],[26.512803,42.925491],[26.51314,42.925935],[26.513258,42.927369],[26.513692,42.927517],[26.514469,42.927391],[26.515164,42.926693],[26.516959,42.92576],[26.517477,42.925212],[26.518446,42.92486],[26.519041,42.924853],[26.519885,42.924475],[26.520212,42.924537],[26.520383,42.925371],[26.521019,42.925736],[26.521072,42.926464],[26.521684,42.926983],[26.524103,42.927341],[26.525772,42.926991],[26.52674,42.926187],[26.527544,42.925887],[26.52829,42.92623],[26.529183,42.925823],[26.53092,42.926191],[26.531562,42.925947],[26.532516,42.925971],[26.533578,42.92639],[26.534872,42.926228],[26.535585,42.925391],[26.535606,42.924989],[26.536096,42.92487],[26.536406,42.925004],[26.536375,42.925567],[26.536983,42.926581],[26.53739,42.927936],[26.537925,42.928546],[26.538769,42.928684],[26.540356,42.928391],[26.542069,42.9288],[26.542904,42.928798],[26.544697,42.928413],[26.545376,42.927785],[26.546381,42.927437],[26.54754,42.927822],[26.548457,42.927777],[26.549687,42.928317],[26.550705,42.928298],[26.552157,42.928629],[26.553786,42.929274],[26.555409,42.929384],[26.553935,42.929797],[26.554881,42.929868],[26.555466,42.930492],[26.556861,42.931327],[26.558364,42.931539],[26.558412,42.932039],[26.558854,42.932269],[26.559206,42.932322],[26.559372,42.932048],[26.560055,42.932241],[26.560793,42.932756],[26.560786,42.932929],[26.56099,42.932876],[26.56087,42.932966],[26.561309,42.933254],[26.56114,42.932977],[26.560861,42.932963],[26.562183,42.933707],[26.564382,42.934081],[26.565055,42.934618],[26.565502,42.935389],[26.566441,42.935947],[26.568271,42.936439],[26.56855,42.936367],[26.569527,42.935164],[26.571115,42.934062],[26.570312,42.93322],[26.568928,42.93254],[26.568816,42.932197],[26.570071,42.932763],[26.570725,42.932874],[26.572898,42.933113],[26.57745,42.933259],[26.578244,42.934026],[26.57966,42.934196],[26.580427,42.934587],[26.580187,42.935346],[26.579169,42.93573],[26.579231,42.936096],[26.580714,42.935864],[26.581148,42.9352],[26.583081,42.93492],[26.584256,42.935036],[26.58513,42.935327],[26.585892,42.935951],[26.586713,42.936312],[26.58763,42.936388],[26.588428,42.935921],[26.589433,42.935919],[26.590097,42.935687],[26.590749,42.935807],[26.592676,42.935696],[26.593919,42.9359],[26.595038,42.93432],[26.59501,42.933899],[26.594883,42.93379],[26.594824,42.9339],[26.59493,42.933597],[26.595884,42.934033],[26.597196,42.933859],[26.598269,42.934077],[26.599431,42.933292],[26.599575,42.932433],[26.602777,42.933145],[26.603002,42.933755],[26.603385,42.933943],[26.603815,42.933417],[26.604961,42.933176],[26.606622,42.933822],[26.605909,42.933845],[26.60586,42.934002],[26.608161,42.935935],[26.607672,42.937006],[26.608488,42.937272],[26.609849,42.938725],[26.610231,42.940954],[26.611429,42.942572],[26.6116,42.943217],[26.614356,42.945182],[26.615297,42.94524],[26.617052,42.945715],[26.618306,42.946552],[26.619258,42.946235],[26.621195,42.946894],[26.623081,42.947106],[26.624674,42.947706],[26.625503,42.947832],[26.626552,42.948492],[26.628712,42.94914],[26.629611,42.950212],[26.632723,42.951094],[26.633841,42.951247],[26.63649,42.950923],[26.63884,42.951777],[26.640386,42.952728],[26.642151,42.952417],[26.644785,42.953034],[26.646686,42.954299],[26.649454,42.957106],[26.650692,42.957191],[26.651787,42.956416],[26.651867,42.955779]],[[26.651893,42.955892],[26.653562,42.953942],[26.653896,42.952952],[26.654674,42.952177],[26.656243,42.95146],[26.656453,42.951632],[26.656068,42.951605],[26.655892,42.951929],[26.656411,42.95216],[26.657965,42.951922],[26.658806,42.95125],[26.660053,42.951524],[26.661228,42.95125],[26.661883,42.951493],[26.663903,42.95103],[26.664666,42.951121],[26.66572,42.950859],[26.66688,42.950902],[26.668099,42.951161],[26.668777,42.95154],[26.669663,42.951568],[26.670211,42.951937],[26.670653,42.951734],[26.671554,42.951982],[26.671812,42.951889],[26.67184,42.951633],[26.67235,42.95151],[26.673626,42.951682],[26.675266,42.952485],[26.6761,42.953396],[26.677382,42.952476],[26.68001,42.952693],[26.680815,42.952557],[26.68102,42.952387],[26.680711,42.951088],[26.683062,42.949319],[26.683333,42.949383],[26.683285,42.949916],[26.683696,42.949892],[26.685316,42.948379],[26.686696,42.946391],[26.686851,42.94562],[26.688667,42.94475],[26.689519,42.943679],[26.690681,42.943194],[26.691788,42.942396],[26.694097,42.941821],[26.69445,42.941925],[26.695437,42.942909],[26.696229,42.943238],[26.697818,42.943291],[26.699542,42.942469],[26.700181,42.942915],[26.700254,42.9428],[26.699773,42.942537],[26.700078,42.942799],[26.700215,42.942711],[26.700648,42.9431],[26.702593,42.94364],[26.704127,42.943614],[26.706094,42.943931],[26.70747,42.943825],[26.707848,42.944051],[26.708346,42.945388],[26.708736,42.945682],[26.709292,42.945604],[26.710188,42.945132],[26.712401,42.94486],[26.713177,42.945199],[26.713123,42.945598],[26.713455,42.946104],[26.714702,42.946663],[26.715842,42.947636],[26.716504,42.94788],[26.717712,42.947698],[26.718261,42.947255],[26.719615,42.946773],[26.719671,42.946558],[26.720084,42.946534],[26.71989,42.946527],[26.719587,42.946711],[26.71993,42.946867],[26.72205,42.946705],[26.72468,42.947259],[26.725993,42.94691],[26.726737,42.9469],[26.727957,42.947426],[26.728566,42.947447],[26.728835,42.946907],[26.727905,42.94618],[26.727696,42.944671],[26.726962,42.944301],[26.726902,42.944024],[26.729193,42.943943],[26.731847,42.943298],[26.733995,42.94307],[26.736963,42.943333],[26.738835,42.943217],[26.740068,42.943392],[26.741226,42.943163],[26.743069,42.943363],[26.744272,42.943183],[26.745375,42.943313],[26.746193,42.942912],[26.748027,42.942753],[26.74856,42.942081],[26.749314,42.942458],[26.749668,42.943198],[26.749339,42.942605],[26.749621,42.943176],[26.75157,42.943058],[26.754558,42.943524],[26.756326,42.943503],[26.757586,42.943096],[26.759479,42.943284],[26.761039,42.942594],[26.762886,42.943095],[26.763569,42.9438],[26.764287,42.944146],[26.766029,42.94465],[26.766923,42.944541],[26.767723,42.945276],[26.768641,42.945684],[26.769432,42.945465],[26.7716,42.945748],[26.773544,42.945549],[26.774188,42.945782],[26.775783,42.945818],[26.776978,42.946393],[26.778305,42.946076],[26.779774,42.946651],[26.780557,42.946561],[26.781661,42.946765],[26.785779,42.946637],[26.78928,42.946125],[26.79052,42.946149],[26.79212,42.945706],[26.793051,42.946106],[26.79413,42.945859],[26.794523,42.945563],[26.794556,42.945704],[26.794401,42.945545],[26.794559,42.945554],[26.795003,42.946063],[26.796528,42.946644],[26.797635,42.947455],[26.799133,42.947503],[26.799701,42.947734],[26.80066,42.947297],[26.802023,42.947173],[26.803341,42.9473],[26.804203,42.947039],[26.805383,42.94712],[26.806745,42.94664],[26.808307,42.946803],[26.809385,42.947493],[26.810184,42.946455],[26.810712,42.946135],[26.813354,42.946279],[26.814288,42.94556],[26.815374,42.945373],[26.817142,42.945357],[26.81801,42.944827],[26.819644,42.944583],[26.820822,42.943887],[26.822,42.943692],[26.822649,42.943319],[26.823879,42.943002],[26.823869,42.942733],[26.822991,42.94258],[26.822754,42.942353],[26.82288,42.942554],[26.823235,42.942487],[26.823518,42.942137],[26.823773,42.942199],[26.824249,42.941725],[26.824974,42.941495],[26.824854,42.941617],[26.825457,42.941831],[26.826137,42.942756],[26.828669,42.943888],[26.828873,42.943489],[26.829799,42.943386],[26.830952,42.942907],[26.830949,42.942723],[26.833329,42.942582],[26.833736,42.942371],[26.835157,42.942215],[26.83562,42.942449],[26.836485,42.942388],[26.837438,42.942621],[26.83753,42.942862],[26.83776,42.942801],[26.837383,42.94305],[26.837795,42.942845],[26.838371,42.943677],[26.840045,42.943934],[26.841044,42.943787],[26.841883,42.944034],[26.842494,42.944021],[26.844685,42.945203],[26.845742,42.945321],[26.846758,42.945677],[26.847492,42.945671],[26.847977,42.945139],[26.848683,42.945076],[26.849284,42.944748],[26.850103,42.944715],[26.850909,42.944297],[26.851538,42.943721],[26.851392,42.943315],[26.852379,42.94245],[26.853833,42.94189],[26.855073,42.941845],[26.855973,42.942034],[26.856889,42.941841],[26.85812,42.940339],[26.859602,42.939761],[26.859351,42.939828],[26.859448,42.940347],[26.860453,42.941446],[26.86192,42.941586],[26.863335,42.941294],[26.864512,42.941487],[26.865692,42.941193],[26.866298,42.941235],[26.86699,42.941661],[26.866951,42.941961],[26.867525,42.943013],[26.868592,42.943554],[26.868419,42.943561],[26.869502,42.943854],[26.870253,42.944317],[26.872543,42.944628],[26.873368,42.945224],[26.874845,42.944979],[26.876071,42.945801],[26.876675,42.945656],[26.877209,42.945953],[26.878256,42.945694],[26.878463,42.945964],[26.879117,42.945959],[26.880714,42.945511],[26.883332,42.945394],[26.884298,42.945003],[26.885345,42.946332],[26.887538,42.945431],[26.889423,42.945343],[26.890084,42.945508],[26.891111,42.946256],[26.891809,42.946279],[26.894278,42.947024],[26.894518,42.946793],[26.894257,42.946123],[26.894601,42.945968],[26.895654,42.946659],[26.897717,42.946847],[26.898377,42.947078],[26.8986,42.947366],[26.899513,42.947428],[26.900549,42.947022],[26.900939,42.946239],[26.902057,42.945365],[26.902681,42.944439],[26.902506,42.942814],[26.902732,42.941687],[26.903484,42.941],[26.905856,42.939913],[26.90684,42.939181],[26.906567,42.938677],[26.905643,42.938208],[26.905383,42.937656],[26.906182,42.936812],[26.907222,42.93626],[26.908184,42.935371],[26.909158,42.935361],[26.910401,42.93483],[26.911828,42.935047],[26.914235,42.934765],[26.91537,42.935164],[26.915777,42.935599],[26.91611,42.937218],[26.918621,42.938024],[26.91978,42.938144],[26.921396,42.938098],[26.922092,42.93793],[26.92223,42.937736],[26.92209,42.937963],[26.92288,42.937948],[26.923971,42.937276],[26.925707,42.937093],[26.927045,42.937139],[26.928082,42.937655],[26.930114,42.937041],[26.932361,42.937237],[26.934211,42.93654],[26.937282,42.936206],[26.938633,42.935853],[26.939316,42.935973],[26.939833,42.936537],[26.940298,42.936682],[26.940987,42.935784],[26.940975,42.935361],[26.942425,42.933892],[26.942943,42.93383],[26.943528,42.934012],[26.943662,42.933895],[26.943726,42.933425],[26.943173,42.932564],[26.943383,42.930415],[26.944327,42.928304],[26.945159,42.927481],[26.945186,42.926632],[26.946631,42.9281],[26.947307,42.928508],[26.947511,42.928947],[26.949456,42.929947],[26.950089,42.930935],[26.95179,42.931789],[26.951598,42.93196],[26.950944,42.931803],[26.950579,42.931488]],[[26.950396,42.931494],[26.951201,42.931971],[26.951986,42.931821],[26.95224,42.932396],[26.953057,42.932801],[26.952944,42.933502],[26.953258,42.934104],[26.95383,42.934252],[26.954886,42.935284],[26.955983,42.935549],[26.95674,42.936388],[26.957152,42.936351],[26.957969,42.935904],[26.958985,42.936415],[26.960568,42.936793],[26.962701,42.936724],[26.964271,42.937387],[26.964857,42.937407],[26.966281,42.938267],[26.967128,42.938181],[26.967808,42.938681],[26.96862,42.938884],[26.969253,42.939512],[26.969773,42.939697],[26.971046,42.939711],[26.973193,42.940135],[26.974673,42.940203],[26.975956,42.939293],[26.97741,42.938993],[26.977985,42.938692],[26.978436,42.938883],[26.979533,42.938833],[26.981706,42.93913],[26.982828,42.938911],[26.983413,42.93898],[26.985352,42.938455],[26.986264,42.937858],[26.987265,42.937707],[26.987864,42.937236],[26.987759,42.937129],[26.989027,42.936524],[26.990098,42.935713],[26.99121,42.935267],[26.99184,42.935402],[26.991805,42.935023],[26.992992,42.933603],[26.992894,42.933403],[26.992429,42.933316],[26.993617,42.932515],[26.994144,42.930948],[26.994738,42.930504],[26.9946,42.929998],[26.994984,42.929271],[26.995384,42.92614],[26.996251,42.925473],[26.996529,42.924723],[26.997055,42.924222],[26.996979,42.923479],[26.996409,42.923075],[26.996224,42.923246],[26.996506,42.922888],[26.996239,42.922831],[26.997549,42.922437],[27.000004,42.923134],[27.000488,42.923479],[27.001328,42.923384],[27.00243,42.92378],[27.003868,42.923707],[27.004509,42.924095],[27.005147,42.924104],[27.005072,42.924244],[27.005756,42.924811],[27.007226,42.924985],[27.00969,42.925848],[27.010641,42.926571],[27.013423,42.9272],[27.016349,42.926702],[27.018285,42.925555],[27.02055,42.925415],[27.020401,42.924563],[27.022782,42.922885],[27.023106,42.922451],[27.024966,42.921789],[27.026562,42.920565],[27.027024,42.920438],[27.027473,42.920538],[27.02905,42.919745],[27.02968,42.919042],[27.030402,42.917476],[27.031838,42.917355],[27.033046,42.916736],[27.035676,42.914139],[27.036538,42.913682],[27.037799,42.913329],[27.03916,42.913529],[27.041148,42.913248],[27.042338,42.912104],[27.042771,42.911201],[27.04312,42.911492],[27.042801,42.911103],[27.043333,42.910101],[27.044637,42.90966],[27.045504,42.910061],[27.04642,42.909545],[27.047247,42.909688],[27.047964,42.909206],[27.0489,42.909212],[27.04904,42.908732],[27.049008,42.908852],[27.048502,42.907863],[27.048632,42.907378],[27.050308,42.906201],[27.051005,42.906133],[27.051012,42.905346],[27.052426,42.903856],[27.053269,42.903689],[27.054679,42.904333],[27.056008,42.901925],[27.057681,42.900807],[27.058226,42.900725],[27.059544,42.900987],[27.061434,42.900724],[27.06197,42.900894],[27.06256,42.90151],[27.064015,42.900725],[27.064632,42.900579],[27.067949,42.900655],[27.070072,42.900885],[27.070621,42.901575],[27.071154,42.901763],[27.072377,42.901899],[27.07447,42.901511],[27.076407,42.902407],[27.076885,42.902925],[27.078206,42.903092],[27.078725,42.902913],[27.079738,42.902015],[27.080542,42.900108],[27.080277,42.898567],[27.081308,42.898264],[27.080171,42.897682],[27.080019,42.897145],[27.080976,42.896468],[27.081685,42.895394],[27.08174,42.89496],[27.082821,42.894722],[27.083543,42.89422],[27.084159,42.892915],[27.084052,42.891459],[27.084247,42.890783],[27.086453,42.890517],[27.086574,42.889976],[27.089343,42.889778],[27.089484,42.889387],[27.089123,42.889236],[27.089068,42.888694],[27.091061,42.889019],[27.092243,42.888609],[27.093376,42.889299],[27.093745,42.889092],[27.094034,42.888256],[27.094526,42.887704],[27.097583,42.886644],[27.107303,42.88638],[27.107485,42.886632],[27.107806,42.886466],[27.110055,42.887788],[27.111977,42.889302],[27.118845,42.891264],[27.123769,42.891105],[27.125487,42.891529],[27.127653,42.891554],[27.128574,42.891442],[27.130723,42.890764],[27.136586,42.890465],[27.138929,42.891303],[27.139095,42.891838],[27.138757,42.893026],[27.139181,42.893357],[27.139768,42.89335],[27.141822,42.892791],[27.144121,42.893276],[27.145618,42.893031],[27.14722,42.89343],[27.148593,42.893368],[27.14922,42.893129],[27.150191,42.892392],[27.151249,42.892431],[27.155122,42.891507]],[[27.155224,42.891613],[27.158043,42.891379],[27.162717,42.890574],[27.164242,42.890465],[27.166911,42.889097],[27.16683,42.887808],[27.167071,42.88618],[27.167364,42.885871],[27.167893,42.885793],[27.167933,42.884722],[27.1695,42.88366],[27.170037,42.882879],[27.170261,42.881864],[27.169607,42.880716],[27.169696,42.880249],[27.171872,42.879427],[27.17297,42.878814],[27.173817,42.875945],[27.17422,42.875535],[27.1751,42.875383],[27.175531,42.874888],[27.177611,42.874675],[27.178324,42.874896],[27.179875,42.87501],[27.181492,42.875543],[27.182351,42.876392],[27.182569,42.877094],[27.184241,42.877269],[27.18493,42.877596],[27.185626,42.879618],[27.18612,42.880242],[27.187488,42.880496],[27.18818,42.880277],[27.189151,42.880281],[27.188528,42.879858],[27.189466,42.880316],[27.188385,42.879922],[27.186334,42.880002],[27.186025,42.879485],[27.186128,42.878829],[27.185687,42.877095],[27.185878,42.877464]],[[27.185715,42.877385],[27.186077,42.878784],[27.18601,42.879575],[27.186312,42.880029],[27.188255,42.879933],[27.189366,42.880292],[27.190528,42.880173],[27.190711,42.879891],[27.190384,42.878035],[27.193404,42.877835],[27.194195,42.877432],[27.195869,42.877442],[27.197055,42.877094],[27.197619,42.877208],[27.198218,42.87694],[27.199592,42.876873],[27.200768,42.876353],[27.20184,42.875575],[27.205279,42.873693],[27.205721,42.872857],[27.207468,42.872211],[27.208519,42.871316],[27.209185,42.869955],[27.210477,42.868475],[27.210595,42.867174],[27.211268,42.865834],[27.211017,42.864084],[27.211515,42.861787],[27.211077,42.861237],[27.210839,42.860131],[27.210176,42.859173],[27.209667,42.858796],[27.2102,42.858329],[27.210298,42.85779],[27.210709,42.858025],[27.211468,42.857879],[27.211849,42.857543],[27.211889,42.85703],[27.212573,42.856648],[27.212946,42.856107],[27.214751,42.855432],[27.214666,42.855874],[27.214977,42.856336],[27.215913,42.857252],[27.216471,42.857453],[27.217258,42.857252],[27.217889,42.856335],[27.218246,42.856616],[27.219293,42.856709],[27.219877,42.856956],[27.22218,42.856157],[27.222423,42.855912],[27.222265,42.855532],[27.221014,42.854538],[27.222262,42.85395],[27.22232,42.853303],[27.223651,42.853676],[27.22421,42.853493],[27.224812,42.852948],[27.225475,42.852111],[27.225122,42.851529],[27.225591,42.851347],[27.225839,42.850907],[27.225481,42.849783],[27.225625,42.849992],[27.22599,42.849964],[27.227751,42.850766],[27.228537,42.850836],[27.228751,42.850593],[27.228893,42.848603],[27.228803,42.848822],[27.229124,42.849141],[27.230276,42.849835],[27.232293,42.850111],[27.23293,42.850034],[27.233483,42.849585],[27.233085,42.848862],[27.233155,42.848399],[27.233707,42.848209],[27.23442,42.848349],[27.235409,42.847449],[27.235119,42.847626],[27.235395,42.847697],[27.235159,42.847746],[27.237066,42.847926],[27.23802,42.848465],[27.239449,42.848515],[27.239834,42.848126],[27.240017,42.847077],[27.240186,42.847025],[27.240879,42.84747],[27.241468,42.847086],[27.242324,42.845008],[27.242968,42.845825],[27.243856,42.846355],[27.244236,42.846131],[27.244176,42.845035],[27.244485,42.844512],[27.244965,42.844973],[27.246233,42.845311],[27.246889,42.845128],[27.247955,42.844452],[27.248887,42.84438],[27.249384,42.843836],[27.251629,42.844447],[27.252501,42.844394],[27.252885,42.8442],[27.253037,42.843802],[27.253974,42.843338],[27.254886,42.843243],[27.256049,42.842641],[27.257197,42.84243],[27.259342,42.84129],[27.263091,42.840352],[27.264302,42.839122],[27.263993,42.83811],[27.264402,42.838435],[27.266037,42.838937],[27.266888,42.839458],[27.267168,42.838854],[27.266966,42.837884],[27.266921,42.838039],[27.268847,42.83863],[27.270015,42.838733],[27.271035,42.838553],[27.271669,42.838266],[27.272157,42.837531],[27.275155,42.837277],[27.275491,42.837101],[27.275848,42.836496],[27.277113,42.836578],[27.278468,42.836026],[27.279481,42.83539],[27.279652,42.834744],[27.281029,42.834705],[27.282197,42.834076],[27.28291,42.833285],[27.282921,42.832302],[27.28351,42.832316],[27.284222,42.832087],[27.28687,42.832336],[27.287866,42.832738],[27.289419,42.83391],[27.289319,42.834027],[27.291003,42.835076],[27.2923,42.835568],[27.293578,42.8368],[27.294549,42.837366],[27.296385,42.837278],[27.297761,42.83747],[27.299036,42.837223],[27.300421,42.837242],[27.301528,42.836884],[27.302161,42.837036],[27.303564,42.836786],[27.304916,42.83629],[27.306913,42.835207],[27.308647,42.834991],[27.309295,42.835205],[27.312765,42.837573],[27.312736,42.838019],[27.313049,42.83834],[27.313161,42.838237],[27.31287,42.838361],[27.313161,42.838221],[27.314223,42.838995],[27.315474,42.839488],[27.318118,42.840162],[27.320122,42.840433],[27.321801,42.840554],[27.322938,42.840279],[27.325017,42.840405],[27.32584,42.840297],[27.330207,42.84256],[27.335323,42.84286],[27.347594,42.846029],[27.353298,42.844833],[27.36073,42.842156],[27.361917,42.842147],[27.364103,42.842821],[27.365871,42.842494],[27.366147,42.842259],[27.366228,42.841677],[27.368698,42.839834],[27.369888,42.838527],[27.370932,42.838127],[27.371578,42.837382],[27.373122,42.837058],[27.374723,42.836046],[27.376624,42.835695],[27.377901,42.835019],[27.378682,42.834154],[27.379881,42.833692],[27.380905,42.83286],[27.385163,42.832199],[27.385438,42.832009],[27.385318,42.831316],[27.387644,42.831014],[27.388743,42.830595],[27.390038,42.830798],[27.394705,42.829881],[27.396918,42.830078],[27.397617,42.829969],[27.399978,42.828581],[27.402216,42.828256],[27.404704,42.82639],[27.405852,42.826287],[27.412116,42.824455],[27.413579,42.824182],[27.415008,42.824206],[27.4172,42.825698],[27.418627,42.826129],[27.419969,42.826057],[27.424458,42.824992],[27.428795,42.825985],[27.431294,42.8262],[27.432111,42.82585],[27.434354,42.825631],[27.434862,42.824863],[27.435526,42.824716],[27.43485,42.824722],[27.434701,42.824929],[27.434921,42.824743],[27.435621,42.824849],[27.436012,42.824562],[27.438913,42.826066],[27.442373,42.826771],[27.44697,42.82636],[27.449172,42.826381],[27.454483,42.828907],[27.455013,42.829675],[27.460836,42.830154],[27.462836,42.830654],[27.46365,42.831113],[27.464814,42.832449],[27.466118,42.833433],[27.466542,42.833288],[27.469759,42.833763],[27.470651,42.833742],[27.47203,42.83411],[27.473782,42.834313],[27.476724,42.835391],[27.47808,42.835308],[27.478281,42.835427],[27.479956,42.835011],[27.480873,42.835108],[27.483845,42.834791],[27.48553,42.833761],[27.486263,42.832711],[27.487694,42.832569],[27.488892,42.831607],[27.48939,42.830773],[27.490268,42.83017],[27.490407,42.829698],[27.492265,42.828163],[27.492468,42.828387],[27.494251,42.827938],[27.494945,42.827988],[27.495229,42.828406],[27.496156,42.828716],[27.496328,42.828466],[27.498938,42.828166],[27.5013,42.82749],[27.502731,42.827718],[27.503544,42.827231],[27.505692,42.826792],[27.50744,42.827224],[27.50871,42.828565],[27.510921,42.828748],[27.513244,42.82827],[27.514323,42.82783],[27.51619,42.827561],[27.519906,42.825984],[27.522651,42.825775],[27.52418,42.825405],[27.525795,42.825246],[27.52725,42.824482],[27.528047,42.824368],[27.529929,42.824796],[27.532637,42.824881],[27.532731,42.825177],[27.53479,42.826301],[27.535803,42.828782],[27.536871,42.830005],[27.537556,42.831556],[27.538895,42.832749],[27.540801,42.833785],[27.540945,42.836597],[27.541838,42.837283],[27.542878,42.83762],[27.54412,42.83777],[27.545666,42.837238],[27.547686,42.835129],[27.549603,42.833659],[27.550755,42.833125],[27.55399,42.832722],[27.555683,42.832999],[27.55769,42.833793],[27.559357,42.833956],[27.561651,42.834745],[27.563511,42.834991],[27.565106,42.835532],[27.566894,42.835353],[27.567656,42.83553],[27.568476,42.835331],[27.57028,42.835731],[27.571427,42.836296],[27.572235,42.83738],[27.573108,42.838133],[27.576172,42.838885]],[[27.576113,42.838759],[27.575014,42.838386],[27.576268,42.8377],[27.579965,42.837671],[27.581174,42.836747],[27.585221,42.835808],[27.587857,42.83555],[27.594092,42.835329],[27.596499,42.834618],[27.598062,42.834819],[27.599383,42.834774],[27.602415,42.835649],[27.604115,42.835786],[27.60492,42.835734],[27.604734,42.83555],[27.604979,42.835714],[27.607399,42.835178],[27.608988,42.833976],[27.610117,42.832298],[27.610267,42.831508],[27.609998,42.830351],[27.609444,42.829321],[27.609535,42.82892],[27.610375,42.828132],[27.611776,42.827758],[27.612554,42.82645],[27.617882,42.824777],[27.620657,42.823651],[27.62235,42.823222],[27.623151,42.822532],[27.624646,42.82184],[27.625386,42.821958],[27.628345,42.823231],[27.629673,42.822823],[27.630381,42.822853],[27.633128,42.821364],[27.635344,42.821141],[27.636933,42.820675],[27.636378,42.82088],[27.636656,42.820969],[27.637215,42.820566],[27.638178,42.819297],[27.638326,42.818714],[27.639451,42.817505],[27.642823,42.815367],[27.644843,42.814719],[27.647205,42.814393],[27.647906,42.814137],[27.648793,42.812876],[27.648909,42.811622],[27.650058,42.810094],[27.650528,42.80862],[27.650662,42.807456],[27.650483,42.806384],[27.649574,42.804942],[27.650809,42.801815],[27.650856,42.801078],[27.651973,42.800008],[27.65361,42.799033],[27.654286,42.798944],[27.656239,42.793966],[27.656137,42.793754],[27.665738,42.787317],[27.666472,42.786922],[27.668451,42.786351],[27.669908,42.785501],[27.672809,42.778863],[27.673075,42.777266],[27.67441,42.775804],[27.678236,42.776173],[27.680406,42.777085],[27.682064,42.776518],[27.68399,42.776628],[27.68576,42.777306],[27.686564,42.77737],[27.687097,42.777669],[27.689128,42.777809],[27.689134,42.777695],[27.690088,42.777949],[27.6902,42.775628],[27.691246,42.774717],[27.693172,42.773917],[27.693832,42.771242],[27.694962,42.770766],[27.695565,42.770832],[27.696389,42.771272],[27.697378,42.772829],[27.698636,42.773855],[27.699569,42.774019],[27.702269,42.773464],[27.704332,42.773337],[27.708958,42.772622],[27.710088,42.773029],[27.710326,42.773681],[27.710856,42.774115],[27.711879,42.774214],[27.712533,42.77456],[27.713382,42.774382],[27.714631,42.774722],[27.715422,42.774373],[27.715859,42.772903],[27.717841,42.772398],[27.720144,42.771446],[27.722904,42.772179],[27.724451,42.772362],[27.725906,42.773022],[27.727853,42.772854],[27.729266,42.772334],[27.734807,42.767807],[27.73622,42.765889],[27.737964,42.76416],[27.739728,42.763647],[27.742624,42.763261],[27.743904,42.763603],[27.74502,42.764452],[27.745491,42.764523],[27.746734,42.763701],[27.747756,42.763363],[27.749553,42.763551],[27.751249,42.762774],[27.75153,42.762884],[27.751961,42.764298],[27.752917,42.764493],[27.751977,42.764268],[27.751959,42.763727],[27.751912,42.76432],[27.753088,42.764469],[27.753599,42.764863],[27.754266,42.76489],[27.755362,42.763927],[27.755879,42.763738],[27.756306,42.763703],[27.757042,42.763958],[27.758336,42.763813],[27.758634,42.763935],[27.758798,42.764477],[27.758631,42.766097],[27.76071,42.765522],[27.762404,42.765576],[27.761841,42.767345],[27.760269,42.768779],[27.760707,42.769351],[27.761992,42.770309],[27.762064,42.770534],[27.761697,42.770568],[27.76172,42.770847],[27.762722,42.77185],[27.762902,42.773162],[27.763069,42.773303],[27.764437,42.773377],[27.765082,42.773167],[27.768413,42.775398],[27.7697,42.77593],[27.771019,42.776163],[27.772202,42.776005],[27.77278,42.77557],[27.772765,42.775143],[27.773355,42.775098],[27.779603,42.772494],[27.783319,42.77059],[27.785068,42.768808],[27.785686,42.768895],[27.786334,42.768204],[27.787003,42.766957],[27.787104,42.766434],[27.786786,42.765951],[27.786872,42.765728],[27.787519,42.765445],[27.787364,42.765015],[27.787883,42.764825],[27.788988,42.763697],[27.791836,42.762445],[27.792242,42.762045],[27.796161,42.760807],[27.797557,42.759969],[27.799796,42.759007],[27.80396,42.756215],[27.805681,42.755722],[27.808167,42.753811],[27.808855,42.753067],[27.810922,42.751786],[27.813979,42.748242],[27.815586,42.746824],[27.817995,42.746699],[27.821347,42.745655],[27.825062,42.743712],[27.826829,42.742203],[27.828816,42.74138],[27.829335,42.740648],[27.829582,42.7391],[27.830494,42.737962],[27.831422,42.737136],[27.832372,42.736751],[27.833611,42.735832],[27.8348,42.735427],[27.835272,42.735031],[27.83775,42.735559],[27.839262,42.735356],[27.841144,42.735609],[27.844847,42.735021],[27.84701,42.735473],[27.848118,42.735533],[27.848743,42.735394],[27.84988,42.734737],[27.850708,42.733391],[27.851817,42.732858],[27.852585,42.732047],[27.853457,42.730634],[27.855498,42.729534],[27.856232,42.729639],[27.857114,42.729512],[27.859096,42.72873],[27.860454,42.728702],[27.862831,42.727856],[27.86559,42.728007],[27.86753,42.727211],[27.87171,42.724308],[27.872339,42.723487],[27.872492,42.722832],[27.875086,42.720485],[27.876593,42.720731],[27.877486,42.721387],[27.878168,42.721287],[27.878476,42.720406],[27.879739,42.719355],[27.881277,42.718758],[27.881449,42.718319],[27.884422,42.717593],[27.884507,42.717321],[27.883992,42.716303],[27.884414,42.716082],[27.884615,42.716152],[27.884723,42.715746],[27.885385,42.715327],[27.885756,42.714741],[27.887008,42.713638],[27.887477,42.713722],[27.887872,42.713558],[27.888266,42.71278],[27.88917,42.712304],[27.891206,42.711836],[27.892137,42.711887],[27.892884,42.711697],[27.894338,42.708151],[27.895511,42.706367],[27.896935,42.70434],[27.898188,42.703944],[27.8983,42.703322],[27.89943,42.702191],[27.899727,42.701469],[27.900096,42.701369]]]}},{"type":"Feature","properties":{"code":"E4","name":"E4 · Five Mountains","color":"#c93636","source_file":"E4 Pet Planini merged.gpx","source_points":83360,"recorded_days":13,"dates":"2025-08-18 → 2025-08-30","description":"Your personal recorded track. Long recording gaps are kept separate."},"geometry":{"type":"MultiLineString","coordinates":[[[23.292222,42.582499],[23.292312,42.581977],[23.291958,42.581753],[23.291771,42.581225],[23.291242,42.581242],[23.290912,42.580808],[23.29004,42.581157],[23.290456,42.58029],[23.28871,42.580737],[23.289396,42.57911],[23.288734,42.579146],[23.288965,42.57853],[23.288489,42.578671],[23.288745,42.578195],[23.287949,42.57862],[23.287486,42.578555],[23.287423,42.578174],[23.287768,42.577685],[23.286274,42.576623],[23.286083,42.575577],[23.284463,42.572625],[23.283644,42.571609],[23.28245,42.569141],[23.282147,42.569018],[23.281683,42.568212],[23.281218,42.568008],[23.281245,42.567464],[23.280309,42.566056],[23.279471,42.565541],[23.279045,42.564354],[23.27917,42.564159],[23.278688,42.563983],[23.278348,42.563578],[23.278319,42.563764],[23.278808,42.56378],[23.27836,42.563586],[23.278362,42.563811],[23.278178,42.563615],[23.278422,42.563657],[23.278295,42.563756],[23.278342,42.563572],[23.279708,42.563675],[23.280567,42.56339],[23.281219,42.56292],[23.285475,42.556116],[23.286792,42.555174],[23.287135,42.555128],[23.287143,42.554891],[23.288824,42.553742],[23.291059,42.548911],[23.293165,42.546558],[23.293691,42.546396],[23.294265,42.545509],[23.294868,42.54379],[23.295627,42.54268],[23.295649,42.541994],[23.294392,42.540334],[23.292464,42.538921],[23.291717,42.538082],[23.290445,42.537379],[23.289594,42.536616],[23.289376,42.53461],[23.289652,42.532989],[23.288852,42.532811],[23.287913,42.532095],[23.28581,42.531747],[23.283856,42.532425],[23.283249,42.532869],[23.282999,42.533438],[23.282514,42.533593],[23.282031,42.532943],[23.28173,42.53173],[23.281258,42.531244],[23.279152,42.530349],[23.277962,42.529479],[23.275687,42.528906],[23.274119,42.52806],[23.273211,42.528009],[23.272458,42.527742],[23.271937,42.527283],[23.271533,42.527177],[23.270772,42.526329],[23.270139,42.526101],[23.269346,42.525175],[23.268895,42.524956],[23.26769,42.523205],[23.266408,42.522517],[23.263516,42.521717],[23.260226,42.518924],[23.259511,42.517394],[23.259225,42.516096],[23.259482,42.51527],[23.25925,42.514808],[23.259462,42.51479],[23.259232,42.514837],[23.25939,42.514012],[23.259998,42.51338],[23.260615,42.511849],[23.26007,42.510599],[23.260973,42.508943],[23.260737,42.508651],[23.25924,42.50834],[23.258058,42.506772],[23.258141,42.505897],[23.257659,42.505149],[23.257832,42.502187],[23.258397,42.501866],[23.259126,42.501911],[23.260921,42.500861],[23.261384,42.500791],[23.261796,42.501084],[23.262833,42.500636],[23.263184,42.499745],[23.263152,42.499071],[23.26347,42.49877],[23.262676,42.497982],[23.262428,42.496979],[23.263034,42.496457],[23.263181,42.495472],[23.263917,42.494679],[23.263838,42.491265],[23.264805,42.490593],[23.265689,42.488851],[23.267244,42.487499],[23.26833,42.486239],[23.268522,42.485337],[23.269198,42.484856],[23.269233,42.484092],[23.269768,42.482534],[23.271095,42.481062],[23.272536,42.478277],[23.273435,42.477907],[23.273809,42.476766],[23.275618,42.474343],[23.275983,42.471541],[23.275879,42.470992],[23.27737,42.469389],[23.278352,42.468694]],[[23.278208,42.468695],[23.277855,42.468378],[23.276657,42.467921],[23.276738,42.467282],[23.278275,42.465293],[23.279299,42.462623],[23.281172,42.460114],[23.281501,42.459104],[23.280853,42.458967],[23.280516,42.458333],[23.279515,42.458194],[23.279212,42.45798],[23.278591,42.456246],[23.27751,42.45507],[23.275803,42.45235],[23.274086,42.451127],[23.271395,42.450589],[23.267626,42.449023],[23.266301,42.448002],[23.264554,42.447031],[23.263508,42.446147],[23.262436,42.445688],[23.261888,42.444738],[23.262107,42.443918],[23.261914,42.443789],[23.26211,42.444045],[23.262258,42.443532],[23.262084,42.443816],[23.261666,42.44371],[23.259991,42.443848],[23.258078,42.443203],[23.255059,42.442658],[23.254366,42.44235],[23.250331,42.441959],[23.248901,42.439985],[23.244853,42.437519],[23.244778,42.437147],[23.246214,42.436486],[23.247017,42.435496],[23.247721,42.435167],[23.247479,42.433587],[23.248634,42.432956],[23.249287,42.432395],[23.249293,42.432138],[23.250661,42.431107],[23.247336,42.43019],[23.247168,42.429637],[23.248181,42.428465],[23.247705,42.427948],[23.247641,42.427309],[23.24656,42.426818],[23.246476,42.426449],[23.246918,42.425823],[23.247045,42.425057],[23.245708,42.424882],[23.245111,42.424146],[23.245207,42.423614],[23.244254,42.423708],[23.243475,42.423164],[23.243,42.423353],[23.242644,42.423842],[23.24151,42.423745],[23.240936,42.423419],[23.240178,42.422431],[23.240154,42.42189],[23.240793,42.421303],[23.240993,42.419973],[23.241779,42.418793],[23.2419,42.417953],[23.242868,42.41681],[23.243193,42.415871],[23.243119,42.415475],[23.243399,42.415047],[23.243545,42.413517],[23.244519,42.41272],[23.245403,42.412596],[23.246457,42.411164],[23.248772,42.409844],[23.249753,42.408027],[23.251435,42.406435],[23.253002,42.405655],[23.254787,42.405251],[23.255983,42.403532],[23.25656,42.403086],[23.257183,42.402885],[23.259002,42.40143],[23.259904,42.401053],[23.260989,42.401198],[23.2616,42.400829],[23.262568,42.400665],[23.264347,42.401594],[23.264932,42.401393],[23.265682,42.400638],[23.266896,42.400454],[23.267989,42.39842],[23.267596,42.39734],[23.267626,42.396643],[23.268876,42.396677],[23.27113,42.3957],[23.272671,42.395428],[23.272657,42.39555],[23.272394,42.395444],[23.274448,42.39509],[23.275185,42.394543],[23.276386,42.394612],[23.277015,42.39488],[23.278688,42.394872],[23.279763,42.395236],[23.282793,42.3935],[23.282885,42.393266],[23.282284,42.392737],[23.282622,42.392069],[23.2825,42.391332],[23.283629,42.388929],[23.284342,42.388115],[23.284238,42.386624],[23.284423,42.386501],[23.285299,42.386584],[23.286222,42.385833],[23.287037,42.385655],[23.288047,42.385152],[23.288524,42.384429],[23.287873,42.383163],[23.28776,42.382007],[23.287545,42.381721],[23.28656,42.381342],[23.286426,42.380394],[23.288367,42.3797],[23.289688,42.378526],[23.290084,42.377519],[23.292027,42.375338],[23.291989,42.374564],[23.291684,42.374689],[23.292186,42.374117],[23.293854,42.373293],[23.29448,42.372019],[23.29537,42.370841],[23.296026,42.370441],[23.298329,42.369673],[23.299893,42.36872],[23.302227,42.366107],[23.304349,42.363068],[23.305007,42.36172],[23.306297,42.360673],[23.307619,42.360159],[23.308137,42.359199],[23.309258,42.358787],[23.309674,42.358214],[23.310389,42.35807],[23.313127,42.358641],[23.314418,42.358402],[23.316261,42.357771],[23.316511,42.357266],[23.31729,42.35688],[23.31865,42.356721],[23.31934,42.356362],[23.321075,42.355983],[23.322326,42.355122],[23.323164,42.354144],[23.326188,42.353789],[23.327295,42.353341],[23.327925,42.352814],[23.328263,42.352329],[23.327955,42.352259],[23.328141,42.352375],[23.32833,42.352197],[23.328982,42.350577],[23.329217,42.347742],[23.329487,42.347255],[23.329336,42.346874],[23.32849,42.346389],[23.327508,42.345175],[23.326874,42.34425],[23.326946,42.344085],[23.328515,42.343972],[23.3306,42.34343],[23.332286,42.34226],[23.333859,42.341885],[23.335687,42.341056],[23.336566,42.34001],[23.337572,42.339852],[23.338693,42.339346],[23.339695,42.339206],[23.340679,42.338652],[23.343466,42.33874],[23.344518,42.338559],[23.345984,42.33877],[23.348002,42.338637],[23.349848,42.337375],[23.350366,42.336752],[23.352194,42.3365],[23.352876,42.336058],[23.354024,42.336124],[23.354995,42.335903],[23.355401,42.335162],[23.356137,42.33508],[23.357287,42.334081],[23.35866,42.334224],[23.360621,42.333117],[23.361255,42.332969],[23.3621,42.331626],[23.361644,42.331711]],[[23.361599,42.331737],[23.362182,42.3316],[23.364138,42.329395],[23.363047,42.32885],[23.362375,42.328055],[23.361237,42.327781],[23.35908,42.327827],[23.358076,42.327239],[23.357623,42.32656],[23.357508,42.325377],[23.356122,42.324019],[23.355156,42.322515],[23.354656,42.322156],[23.353707,42.322041],[23.353087,42.321764],[23.353097,42.321138],[23.35368,42.320386],[23.353644,42.32005],[23.351244,42.317756],[23.351121,42.314035],[23.350406,42.31268],[23.349421,42.312046],[23.349074,42.311523],[23.349638,42.310089],[23.349553,42.309056],[23.347711,42.308598],[23.346478,42.307887],[23.346238,42.307928],[23.346818,42.308292],[23.346259,42.307855],[23.345062,42.308251],[23.344506,42.308262],[23.342986,42.307654],[23.339472,42.305299],[23.338443,42.304078],[23.336735,42.303],[23.334635,42.302175],[23.33442,42.301852],[23.332352,42.300608],[23.33134,42.299555],[23.332215,42.298513],[23.333024,42.298004],[23.334001,42.296591],[23.334072,42.295904],[23.335262,42.294391],[23.334094,42.293727],[23.33335,42.292815],[23.333713,42.292126],[23.334589,42.291482],[23.334628,42.29047],[23.333954,42.288903],[23.334303,42.287508],[23.333668,42.286058],[23.332972,42.285336],[23.331143,42.284178],[23.330328,42.283186],[23.329149,42.282943],[23.32737,42.280355],[23.32716,42.279633],[23.327663,42.278141],[23.327314,42.276131],[23.328204,42.274828],[23.329093,42.274399],[23.329416,42.272777],[23.331574,42.271962],[23.331742,42.271345],[23.332656,42.270262],[23.333761,42.269958],[23.336254,42.268633],[23.337261,42.267956],[23.337322,42.267477],[23.337619,42.267699],[23.337316,42.267432],[23.337402,42.266491],[23.335615,42.264932],[23.336254,42.263163],[23.335271,42.262162],[23.335072,42.261506],[23.336525,42.259166],[23.336351,42.258089],[23.337858,42.256307],[23.338017,42.254848],[23.338771,42.254092],[23.338922,42.25351],[23.340398,42.251894],[23.340391,42.251163],[23.339959,42.250342],[23.341831,42.248693],[23.34325,42.24774],[23.344792,42.247531],[23.345758,42.246729],[23.347159,42.246423],[23.347803,42.245704],[23.34868,42.2455],[23.349259,42.245027],[23.350162,42.244917],[23.350769,42.244615],[23.35186,42.244551],[23.352513,42.244182],[23.35234,42.243313],[23.352968,42.241898],[23.352315,42.241243],[23.35217,42.240344],[23.351328,42.239505],[23.351519,42.238527],[23.352562,42.237845],[23.352919,42.236951],[23.35224,42.236691],[23.351357,42.23602],[23.351091,42.235468],[23.350207,42.234909],[23.349262,42.233785],[23.349322,42.232804],[23.348865,42.231952],[23.349005,42.231712],[23.348772,42.230368],[23.347306,42.230579],[23.346668,42.231408],[23.346361,42.231591],[23.345926,42.231564],[23.345781,42.231951],[23.345377,42.232072],[23.342737,42.231317],[23.341933,42.230835],[23.341583,42.231006],[23.340927,42.230701],[23.339842,42.228982],[23.338708,42.228689],[23.338736,42.229028],[23.338505,42.229053],[23.339032,42.229031],[23.33904,42.229184],[23.338787,42.229217],[23.338928,42.228889],[23.338948,42.229138],[23.338641,42.228797],[23.339044,42.229135],[23.339238,42.2291],[23.339303,42.228736],[23.339293,42.229034],[23.339541,42.228758],[23.339294,42.229043],[23.33888,42.228921],[23.338704,42.229051],[23.338898,42.228998],[23.338624,42.228894],[23.338421,42.229109],[23.338221,42.228998],[23.337933,42.229104],[23.338017,42.229668],[23.337515,42.229662],[23.337237,42.23039],[23.336477,42.230292],[23.336298,42.230035],[23.335855,42.23005],[23.333133,42.231045],[23.332087,42.23178],[23.331801,42.231711],[23.331591,42.231179],[23.331907,42.230429],[23.3318,42.230028],[23.330702,42.229257],[23.33061,42.228467],[23.330471,42.228535],[23.329783,42.227951],[23.329245,42.227859],[23.328553,42.2271],[23.328484,42.226543],[23.327774,42.225928],[23.327767,42.225111],[23.327314,42.225056],[23.326917,42.225238],[23.326233,42.22509],[23.32552,42.224469],[23.325732,42.224125],[23.325662,42.223695],[23.325279,42.223373],[23.324725,42.223417],[23.324458,42.223064],[23.324654,42.222693],[23.324471,42.222439],[23.322945,42.221887],[23.322807,42.221588],[23.322379,42.221436],[23.322588,42.220715],[23.321618,42.220019]],[[23.321635,42.219871],[23.321204,42.22012],[23.320026,42.220322],[23.319783,42.220664],[23.319376,42.220763],[23.318019,42.220283],[23.316892,42.219429],[23.316675,42.218795],[23.316662,42.217282],[23.317035,42.216407],[23.316715,42.21501],[23.317137,42.213586],[23.316239,42.212724],[23.316368,42.212495],[23.316232,42.21272],[23.315037,42.211382],[23.313379,42.210765],[23.312925,42.210401],[23.311931,42.208955],[23.310442,42.205798],[23.310051,42.204383],[23.309737,42.204048],[23.309384,42.204001],[23.309623,42.203691],[23.308975,42.203073],[23.308004,42.202627],[23.308535,42.202149],[23.308385,42.201857],[23.307901,42.201986],[23.307985,42.201765],[23.307666,42.201188],[23.308143,42.201106],[23.308198,42.200861],[23.307483,42.200555],[23.307715,42.200262],[23.308416,42.200017],[23.309303,42.199103],[23.309537,42.197979],[23.309757,42.198097],[23.30988,42.197891],[23.310879,42.198207],[23.311122,42.198589],[23.310834,42.19804],[23.311422,42.197867],[23.311475,42.196926],[23.312179,42.195862],[23.314035,42.195247],[23.315038,42.194383],[23.315875,42.193457],[23.315941,42.19298],[23.316871,42.191537],[23.317958,42.188262],[23.318014,42.186945],[23.318253,42.186475],[23.317789,42.186286],[23.316678,42.1849],[23.31598,42.183574],[23.315685,42.182483],[23.316882,42.179352],[23.317116,42.179291],[23.31728,42.178692],[23.317739,42.178215],[23.318245,42.176793],[23.318476,42.176467],[23.3187,42.176826],[23.318465,42.176517],[23.318614,42.17635],[23.320472,42.175095],[23.321543,42.173948],[23.322822,42.173361],[23.324847,42.171547],[23.328543,42.168975],[23.331006,42.167998],[23.333577,42.167593],[23.334884,42.166934],[23.336005,42.166889],[23.336801,42.166636],[23.339245,42.16656],[23.341648,42.167197],[23.343559,42.167277],[23.344405,42.167915],[23.345381,42.168198],[23.347336,42.168386],[23.348993,42.16876],[23.350805,42.168695],[23.352919,42.169438],[23.353318,42.169746],[23.355732,42.170415],[23.359903,42.170838],[23.36202,42.170855],[23.362997,42.170646],[23.362624,42.171438],[23.362502,42.172848],[23.362505,42.173292],[23.362968,42.173669],[23.362951,42.173891],[23.362512,42.173004],[23.362826,42.170786],[23.364463,42.169974],[23.365063,42.169933],[23.365848,42.170299],[23.366207,42.171428],[23.365837,42.172045],[23.366169,42.17223],[23.365781,42.172325],[23.365821,42.172651],[23.366688,42.173239],[23.367272,42.173332],[23.367577,42.173165],[23.367904,42.173291],[23.369009,42.173168],[23.368413,42.173273],[23.368976,42.17315],[23.36916,42.172524],[23.369887,42.172178],[23.370362,42.172261],[23.370549,42.172563],[23.371288,42.17252],[23.37178,42.172751],[23.372315,42.172638],[23.373203,42.172105],[23.373603,42.172399],[23.373987,42.172404],[23.373884,42.172899],[23.374235,42.173193],[23.373999,42.17341],[23.374775,42.173411],[23.374687,42.173598],[23.374927,42.17366],[23.375041,42.17397],[23.374609,42.174162],[23.374643,42.174696],[23.374121,42.175292],[23.374023,42.176551],[23.37377,42.17677],[23.373762,42.177169],[23.373364,42.177509],[23.373387,42.178255],[23.373102,42.179078],[23.372292,42.179724],[23.372636,42.181044],[23.372176,42.181557],[23.372385,42.181746],[23.372107,42.182603],[23.372839,42.18411],[23.372572,42.184217],[23.372374,42.185015],[23.37258,42.185959],[23.37236,42.186473],[23.373031,42.18695],[23.373219,42.187891],[23.374091,42.188429],[23.37409,42.188767]],[[23.374087,42.188653],[23.37438,42.188381],[23.375282,42.188473],[23.375373,42.1888],[23.376546,42.189544],[23.377211,42.190326],[23.378577,42.191154],[23.378869,42.191312],[23.379835,42.191159],[23.380551,42.190142],[23.3809,42.188782],[23.381438,42.187934],[23.38136,42.187561],[23.383481,42.186378],[23.383684,42.183638],[23.384863,42.182699],[23.385525,42.182802],[23.385705,42.183234],[23.385958,42.183313],[23.386956,42.182554],[23.387434,42.182342],[23.387794,42.182416],[23.388209,42.182026],[23.389435,42.181739],[23.391,42.182109],[23.39208,42.181657],[23.395231,42.181367],[23.39681,42.181035],[23.397846,42.181107],[23.399538,42.180624],[23.399576,42.180983],[23.399553,42.18071],[23.399293,42.180794],[23.399399,42.180616],[23.399966,42.181044],[23.400621,42.180552],[23.401405,42.180524],[23.402203,42.180196],[23.402762,42.180736],[23.40589,42.18114],[23.406336,42.18145],[23.408722,42.182159],[23.409495,42.182042],[23.410165,42.181509],[23.410883,42.18152],[23.411345,42.181177],[23.411614,42.181164],[23.411686,42.181348],[23.412637,42.181019],[23.413475,42.180449],[23.414609,42.180268],[23.414998,42.180013],[23.415047,42.17923],[23.415547,42.178885],[23.415955,42.17887],[23.416561,42.178505],[23.417587,42.178427],[23.418631,42.177706],[23.420197,42.177584],[23.42045,42.177241],[23.422047,42.176419],[23.423197,42.176048],[23.426482,42.175987],[23.429085,42.176287],[23.430607,42.176162],[23.432652,42.175678],[23.434052,42.175759],[23.43473,42.17555],[23.436909,42.175344],[23.437834,42.175342],[23.438617,42.175649],[23.439081,42.175213],[23.439644,42.175459],[23.439879,42.175825],[23.443037,42.17639],[23.444854,42.1771],[23.445976,42.176883],[23.447552,42.176276],[23.448787,42.175385],[23.449538,42.175139],[23.449953,42.175342],[23.45086,42.174698],[23.451679,42.174518],[23.452152,42.173612],[23.451876,42.172342],[23.452049,42.172515],[23.451954,42.172684],[23.451743,42.172396],[23.449804,42.171438],[23.448344,42.170439],[23.448548,42.169064],[23.448768,42.168669],[23.451591,42.168323],[23.451829,42.166908],[23.452601,42.165881],[23.452521,42.164899],[23.45314,42.163648],[23.45336,42.162467],[23.453627,42.162205],[23.453964,42.158536],[23.454504,42.157838],[23.454214,42.157431],[23.454398,42.155967],[23.455368,42.154145],[23.455514,42.153221],[23.455364,42.152651],[23.45569,42.152245],[23.456198,42.152044],[23.457123,42.151033],[23.457833,42.150695],[23.460051,42.150659],[23.461324,42.150902],[23.469497,42.150408],[23.470494,42.149638],[23.47115,42.148639],[23.471331,42.14792],[23.475344,42.146722],[23.477057,42.14669],[23.477604,42.146485],[23.48014,42.144779],[23.48021,42.14389],[23.480592,42.143612],[23.482807,42.14323],[23.484942,42.143244],[23.487567,42.142342],[23.487771,42.141958],[23.488254,42.141804],[23.487875,42.141625],[23.488128,42.14147],[23.488079,42.140726],[23.487819,42.140598],[23.488655,42.140162],[23.488747,42.139823],[23.48976,42.139227],[23.490002,42.138473],[23.492146,42.137134],[23.4931,42.136119],[23.492955,42.135828],[23.493163,42.135185],[23.494073,42.13451],[23.494701,42.133478],[23.495149,42.133287],[23.495384,42.132641],[23.495343,42.131706],[23.494316,42.130744],[23.494149,42.129899],[23.495267,42.128615],[23.496048,42.127045],[23.49629,42.125428],[23.496766,42.124227],[23.496845,42.122732],[23.497269,42.122261],[23.497626,42.121314],[23.4972,42.120876],[23.497183,42.119629],[23.496883,42.119181],[23.496704,42.11595],[23.495788,42.114585],[23.494962,42.114236],[23.494987,42.113735],[23.494622,42.112966],[23.493983,42.112309],[23.493711,42.11226]],[[23.493632,42.112309],[23.493195,42.112019],[23.492765,42.112042],[23.48951,42.110899],[23.488209,42.110219],[23.487646,42.110132],[23.486587,42.108602],[23.486242,42.107456],[23.485264,42.106662],[23.485129,42.106316],[23.484842,42.106509],[23.484122,42.105519],[23.48393,42.106004],[23.483679,42.105645],[23.483458,42.105832],[23.483247,42.105676],[23.482044,42.106251],[23.481663,42.105896],[23.481084,42.106038],[23.481181,42.105672],[23.480677,42.105702],[23.480431,42.105429],[23.478699,42.105228],[23.478327,42.104988],[23.478366,42.105129],[23.478528,42.104784],[23.479507,42.104146],[23.481496,42.103121],[23.481631,42.102776],[23.482711,42.10186],[23.482987,42.101239],[23.482902,42.100908],[23.483979,42.099269],[23.484874,42.098627],[23.485575,42.097786],[23.485478,42.097166],[23.486074,42.096739],[23.486581,42.095924],[23.486843,42.096058],[23.486998,42.095923],[23.486708,42.095344],[23.484073,42.09493],[23.48335,42.094599],[23.482472,42.093588],[23.482416,42.092336],[23.481955,42.09068],[23.479361,42.089286],[23.478477,42.088253],[23.477922,42.086771],[23.477432,42.086143],[23.477041,42.085216],[23.47729,42.084521],[23.476864,42.083644],[23.476675,42.082501],[23.476834,42.081426],[23.476438,42.081451],[23.474969,42.08082],[23.474237,42.080787],[23.473106,42.079112],[23.472735,42.078939],[23.472183,42.077666],[23.471343,42.076869],[23.470704,42.07657],[23.470232,42.075892],[23.470362,42.075709],[23.469301,42.075054],[23.469162,42.07459],[23.467353,42.073923],[23.465035,42.07336],[23.462056,42.071862],[23.461031,42.070951],[23.46095,42.070664],[23.460739,42.070707],[23.460261,42.070251],[23.457672,42.069099],[23.457448,42.068759],[23.457239,42.068907],[23.457191,42.068764],[23.456946,42.068836],[23.456278,42.067545],[23.455658,42.065593],[23.454942,42.064552],[23.454304,42.064015],[23.450553,42.063436],[23.450346,42.063215],[23.449643,42.063049],[23.447276,42.061547],[23.443637,42.059797],[23.442582,42.055278],[23.442373,42.05276],[23.441261,42.049961],[23.440142,42.048207],[23.439962,42.047286],[23.439737,42.047122]],[[23.439675,42.04714],[23.440125,42.045534],[23.439956,42.044859],[23.437957,42.043459],[23.434826,42.041976],[23.433872,42.040744],[23.432714,42.039831],[23.431125,42.038158],[23.43024,42.037915],[23.428083,42.037866],[23.425555,42.03729],[23.424009,42.036456],[23.422021,42.035675],[23.420832,42.034743],[23.420299,42.033648],[23.420098,42.032245],[23.420697,42.029012],[23.420685,42.0268],[23.421257,42.025391],[23.42116,42.025087],[23.419547,42.023785],[23.417257,42.021296],[23.416503,42.019681],[23.416646,42.018196],[23.416202,42.01754],[23.415636,42.0174],[23.415333,42.016958],[23.414505,42.016625],[23.413095,42.015424],[23.41291,42.01496],[23.411544,42.014085],[23.408898,42.011902],[23.407695,42.010118],[23.40683,42.009458],[23.406179,42.008627],[23.404869,42.007724],[23.404223,42.00755],[23.403397,42.006819],[23.401779,42.006676],[23.398879,42.004162],[23.396402,42.002684],[23.392233,42.00079],[23.388497,41.998417],[23.386846,41.997962],[23.382043,41.998039],[23.379696,41.997909],[23.376921,41.997507],[23.375722,41.996531],[23.374373,41.994081],[23.373039,41.99249],[23.371306,41.991032],[23.370945,41.991169],[23.37125,41.990918],[23.37017,41.98975],[23.368884,41.98725],[23.367901,41.984127],[23.365741,41.980025],[23.36567,41.977797],[23.366593,41.97235],[23.364224,41.968037],[23.363705,41.96616],[23.362254,41.963157],[23.362117,41.960362],[23.36271,41.958498],[23.36262,41.9576],[23.363084,41.95731],[23.362833,41.957363],[23.362294,41.956749],[23.36211,41.955669],[23.362223,41.954559],[23.361995,41.954163],[23.362285,41.953214],[23.361119,41.951262],[23.358964,41.949908],[23.35815,41.947559],[23.358213,41.946521],[23.357863,41.946253],[23.357714,41.945802],[23.357839,41.944906],[23.358595,41.944227],[23.359361,41.942783],[23.359968,41.942361],[23.360002,41.941478],[23.360593,41.939837],[23.361108,41.939026],[23.361717,41.939086],[23.361938,41.937828],[23.363175,41.93675],[23.363593,41.935903],[23.36248,41.934966],[23.361225,41.934395],[23.360697,41.93365],[23.35949,41.932765],[23.359039,41.93267],[23.358595,41.932742],[23.358503,41.932943],[23.358026,41.932856],[23.358186,41.931236],[23.359308,41.929911],[23.359618,41.929794],[23.35963,41.929538],[23.359568,41.929193],[23.359121,41.929037],[23.358863,41.928168],[23.359104,41.927184],[23.358909,41.926537],[23.359454,41.925433],[23.359377,41.925117],[23.358801,41.924817],[23.358303,41.924059],[23.358383,41.923473],[23.359035,41.922655],[23.359076,41.922157],[23.358027,41.921149],[23.358062,41.920731],[23.358734,41.919877],[23.358793,41.919467],[23.35839,41.918924],[23.35757,41.919057],[23.357192,41.918856],[23.357023,41.918063],[23.356278,41.917306],[23.356304,41.916765],[23.356682,41.91607],[23.356597,41.915453],[23.357028,41.915054],[23.357101,41.914435],[23.357454,41.91404],[23.357998,41.913978],[23.357403,41.912778],[23.357022,41.912721],[23.356528,41.913325],[23.356633,41.912863],[23.35638,41.912672],[23.3562,41.911907],[23.355969,41.911693],[23.355553,41.911716],[23.354339,41.911244],[23.353257,41.909681],[23.352928,41.909678],[23.352842,41.908731],[23.352306,41.908132],[23.352224,41.907654],[23.350592,41.907372],[23.349957,41.907731],[23.349865,41.907559],[23.348829,41.907635],[23.348729,41.907387],[23.348151,41.907581],[23.348067,41.907355],[23.34734,41.907334],[23.347309,41.907163],[23.345006,41.907111],[23.344033,41.906503],[23.343709,41.905961],[23.343926,41.905668],[23.34387,41.90462],[23.342779,41.903775],[23.343184,41.902707],[23.343652,41.90216],[23.343648,41.901642],[23.342887,41.901179],[23.342528,41.900784],[23.342322,41.900038],[23.34186,41.899865],[23.341364,41.899361],[23.340765,41.899181],[23.338167,41.899513],[23.337788,41.899239],[23.337154,41.899138],[23.336353,41.898331],[23.335697,41.898122],[23.334764,41.89731],[23.333859,41.897163],[23.331914,41.897197],[23.330717,41.896943],[23.328694,41.898061],[23.32733,41.898273],[23.325936,41.898218],[23.324328,41.898491],[23.323077,41.898367],[23.321825,41.899076],[23.320835,41.899209],[23.320826,41.898875],[23.321585,41.89795],[23.321335,41.897393],[23.318856,41.897665],[23.31826,41.897387],[23.317917,41.896977],[23.3173,41.896976]],[[23.317263,41.89712],[23.317872,41.897146],[23.318825,41.897807],[23.321042,41.897499],[23.321403,41.897548],[23.321488,41.897896],[23.325494,41.896915],[23.32646,41.89619],[23.330473,41.89192],[23.334595,41.888919],[23.340468,41.884892],[23.348216,41.881409],[23.348364,41.881192],[23.347869,41.879854],[23.34651,41.879484],[23.345451,41.878569],[23.345442,41.878226],[23.346104,41.877425],[23.345995,41.877131],[23.344334,41.875779],[23.342842,41.875394],[23.342249,41.874437],[23.341984,41.873412],[23.340731,41.873259],[23.339098,41.872691],[23.337678,41.871754],[23.334298,41.870432],[23.334045,41.87005],[23.334201,41.869799],[23.335423,41.86944],[23.336115,41.868657],[23.337972,41.867708],[23.338903,41.866888],[23.339242,41.866027],[23.339112,41.865362],[23.338153,41.865142],[23.338294,41.865107],[23.338067,41.864972],[23.338527,41.865227],[23.338192,41.865188],[23.33825,41.865037],[23.338471,41.865269],[23.338267,41.865018],[23.338154,41.865367],[23.338202,41.865023],[23.338514,41.865177],[23.338552,41.864996],[23.338116,41.865125],[23.337978,41.864911],[23.338323,41.865134],[23.338146,41.86517],[23.338482,41.865231],[23.338351,41.864999],[23.33815,41.865019],[23.338164,41.865211],[23.338463,41.865203],[23.338149,41.865208],[23.338347,41.865158],[23.338178,41.865047],[23.338034,41.86539],[23.337844,41.865399],[23.337481,41.864632],[23.338837,41.864254],[23.340178,41.863307],[23.340841,41.863076],[23.340464,41.862347],[23.33966,41.861708],[23.34229,41.861515],[23.342642,41.860698],[23.343236,41.860033],[23.345139,41.859413],[23.345838,41.858857],[23.345666,41.857799],[23.345182,41.857141],[23.343791,41.856224],[23.343668,41.855869],[23.342626,41.855528],[23.341892,41.854948],[23.34134,41.855152],[23.34139,41.855441],[23.34105,41.855603],[23.340245,41.856841],[23.339658,41.856873],[23.339316,41.856601],[23.339695,41.855184],[23.33947,41.851907],[23.341365,41.849856],[23.342044,41.849451],[23.342165,41.848529],[23.342118,41.847427],[23.341616,41.84696],[23.341492,41.846044],[23.342062,41.845266],[23.342386,41.844186],[23.342526,41.843265],[23.342356,41.84201],[23.342649,41.84165],[23.342174,41.841035],[23.341335,41.8412],[23.341196,41.84094],[23.340099,41.841249],[23.339793,41.840538],[23.34001,41.839762],[23.339743,41.839367],[23.33973,41.838111],[23.340163,41.838018],[23.340607,41.837076],[23.34125,41.837003],[23.341162,41.83635],[23.341724,41.836355],[23.342987,41.835772],[23.342986,41.835353],[23.343769,41.834767],[23.344134,41.834781],[23.344891,41.834362],[23.345901,41.834234],[23.345947,41.83383],[23.345757,41.833749],[23.34694,41.832617],[23.346776,41.831782],[23.346941,41.832032],[23.34789,41.831908],[23.348312,41.830963],[23.34873,41.830969],[23.350086,41.83031],[23.350675,41.830343],[23.351192,41.830024],[23.351588,41.82942],[23.352117,41.829153],[23.352212,41.828486],[23.352618,41.828156],[23.352577,41.827596],[23.352834,41.827221],[23.353832,41.826841],[23.354145,41.82641],[23.353657,41.825764],[23.352154,41.825083],[23.352546,41.824186],[23.35247,41.82351],[23.352857,41.82304],[23.354367,41.82426],[23.357792,41.824275],[23.358956,41.824045],[23.360114,41.824144],[23.360893,41.824557],[23.362527,41.825004],[23.362487,41.825602],[23.363478,41.826289],[23.36441,41.826591],[23.365196,41.826594],[23.365464,41.826757],[23.365362,41.826975],[23.365799,41.827071],[23.366921,41.82681],[23.367624,41.827512],[23.36823,41.827806],[23.368668,41.827721],[23.37043,41.827981],[23.370884,41.829156],[23.371127,41.829275],[23.371059,41.8297],[23.371652,41.830622],[23.37208,41.830976],[23.372946,41.831209],[23.373792,41.831217],[23.374661,41.831684],[23.374671,41.831556],[23.376302,41.83185],[23.377022,41.831716],[23.377938,41.83145],[23.378664,41.830844],[23.378927,41.830034],[23.378561,41.829103],[23.37898,41.828005],[23.37769,41.826374],[23.377606,41.825955],[23.377884,41.825661]],[[23.378394,41.825531],[23.378424,41.825723],[23.378567,41.825585],[23.378207,41.825323],[23.377928,41.825428],[23.37756,41.825042],[23.377288,41.82286],[23.376715,41.821979],[23.37698,41.820911],[23.376861,41.820559],[23.375463,41.819279],[23.374566,41.818855],[23.374242,41.818322],[23.374013,41.81821],[23.373702,41.818781],[23.373485,41.81836],[23.372705,41.817766],[23.372329,41.817207],[23.372563,41.816051],[23.372088,41.815318],[23.371639,41.815025],[23.37136,41.81504],[23.371685,41.815055],[23.370356,41.813633],[23.370387,41.813421],[23.370136,41.81341],[23.370001,41.813808],[23.369368,41.813751],[23.369084,41.813172],[23.367597,41.81262],[23.367295,41.812691],[23.366973,41.811971],[23.366225,41.811635],[23.366531,41.810818],[23.366245,41.810479],[23.366113,41.809685],[23.365842,41.809656],[23.365506,41.809163],[23.364486,41.80863],[23.363842,41.80801],[23.363447,41.806732],[23.363545,41.805954],[23.362607,41.805343],[23.362249,41.804383],[23.361076,41.803381],[23.360694,41.802555],[23.360311,41.802455],[23.359447,41.801569],[23.359025,41.801485],[23.358944,41.799649],[23.35948,41.798694],[23.359855,41.798683],[23.363431,41.797039],[23.364938,41.796709],[23.366192,41.79695],[23.366912,41.796871],[23.36908,41.79606],[23.369322,41.795235],[23.369921,41.794806],[23.370708,41.795062],[23.371375,41.795046],[23.372194,41.794761],[23.37301,41.794044],[23.373393,41.794322],[23.374822,41.793388],[23.3758,41.792319],[23.376659,41.789509],[23.377929,41.789211],[23.379367,41.788585],[23.380861,41.787221],[23.381127,41.786671],[23.381536,41.786609],[23.382253,41.786842],[23.382633,41.787203],[23.38241,41.787527],[23.382758,41.787548],[23.382472,41.787517],[23.384379,41.786605],[23.387573,41.786259],[23.389155,41.785448],[23.390373,41.78456],[23.390572,41.784111],[23.391497,41.78351],[23.39256,41.781772],[23.393392,41.779391],[23.394819,41.778034],[23.395243,41.777285],[23.395229,41.776809],[23.395716,41.776508],[23.396463,41.77638],[23.397664,41.774907],[23.397724,41.774468],[23.396672,41.773065],[23.396664,41.771912],[23.396938,41.771201],[23.396732,41.770626],[23.396798,41.770303],[23.397091,41.770127],[23.397,41.769916],[23.397498,41.76958],[23.397206,41.769414],[23.397291,41.768986],[23.398706,41.768279],[23.398911,41.76802],[23.398664,41.767813],[23.398928,41.767275],[23.398691,41.766475],[23.39821,41.766447],[23.398447,41.765631],[23.397998,41.765357],[23.398035,41.76404],[23.397596,41.763739],[23.39772,41.763541],[23.397506,41.763376],[23.39786,41.761972],[23.397303,41.760007],[23.398118,41.759625],[23.398292,41.760587],[23.398735,41.760945],[23.399267,41.761041],[23.39929,41.760796],[23.399864,41.761044],[23.399995,41.760853],[23.400527,41.76091],[23.401783,41.760198],[23.40375,41.76016],[23.40435,41.759914],[23.40472,41.760094],[23.404934,41.759848],[23.40547,41.760216],[23.407465,41.760893],[23.408187,41.761002],[23.408534,41.760737],[23.409581,41.760803],[23.410086,41.760532],[23.410591,41.760717],[23.410915,41.760571],[23.411423,41.759494],[23.412263,41.75877],[23.412467,41.758229],[23.413049,41.758237],[23.414164,41.757433],[23.414998,41.757524],[23.416371,41.756663]],[[23.41648,41.756446],[23.416669,41.756219],[23.416548,41.755871],[23.416895,41.755864],[23.416962,41.755494],[23.416333,41.75476],[23.41568,41.754421],[23.415329,41.75388],[23.415438,41.752703],[23.414422,41.751945],[23.413937,41.751865],[23.413483,41.751176],[23.413552,41.750186],[23.413333,41.749901],[23.413636,41.74856],[23.413471,41.748118],[23.41384,41.747129],[23.414015,41.747149],[23.413397,41.745679],[23.413452,41.744905],[23.414331,41.744303],[23.414693,41.743348],[23.415109,41.743332],[23.415057,41.743067],[23.415368,41.743085],[23.415721,41.742427],[23.416379,41.742045],[23.416805,41.740883],[23.417298,41.740381],[23.417608,41.740434],[23.417932,41.740083],[23.419047,41.739838],[23.419873,41.739308],[23.421429,41.738967],[23.421691,41.73851],[23.421878,41.73861],[23.422103,41.73834],[23.42226,41.738401],[23.422398,41.738233],[23.421661,41.738569],[23.422061,41.738443],[23.423075,41.73752],[23.423125,41.737048],[23.422877,41.736659],[23.423478,41.735686],[23.423587,41.735096],[23.424176,41.735093],[23.425042,41.73471],[23.425278,41.734417],[23.425797,41.734306],[23.426788,41.733636],[23.427238,41.733046],[23.428638,41.732663],[23.429369,41.732774],[23.429771,41.732465],[23.430548,41.732295],[23.431679,41.731379],[23.432767,41.731588],[23.43362,41.73118],[23.435143,41.731717],[23.43556,41.73205],[23.436876,41.731776],[23.437677,41.731319],[23.438204,41.730679],[23.440022,41.729256],[23.44078,41.728154],[23.442675,41.726834],[23.446009,41.727156],[23.447483,41.726717],[23.449747,41.725253],[23.449903,41.723934],[23.450897,41.72275],[23.452895,41.721861],[23.453508,41.721399],[23.456136,41.721084],[23.45726,41.720434],[23.457837,41.719928],[23.458961,41.717845],[23.459032,41.715455],[23.45948,41.714848],[23.458843,41.713061],[23.458202,41.712956],[23.45885,41.713041],[23.459347,41.712531],[23.459389,41.712218],[23.461822,41.710983],[23.463258,41.709943],[23.464025,41.708873],[23.464434,41.708666],[23.46529,41.706957],[23.465606,41.70681],[23.465799,41.705664],[23.466167,41.704984],[23.46615,41.704182],[23.466783,41.703338],[23.466639,41.702903],[23.467078,41.702074],[23.46699,41.701276],[23.469194,41.699751],[23.470939,41.699514],[23.472861,41.698337],[23.474557,41.698047],[23.47468,41.698484],[23.475223,41.698817],[23.47587,41.698566],[23.479936,41.698246],[23.481225,41.69846],[23.482447,41.698393],[23.482954,41.698678],[23.482868,41.698817],[23.482926,41.69856],[23.482853,41.698846],[23.483077,41.69847],[23.48291,41.69838],[23.483151,41.698259],[23.483756,41.698507],[23.484615,41.69852],[23.488592,41.697493],[23.489498,41.696818],[23.491383,41.696135],[23.491562,41.695759],[23.492009,41.695486],[23.492811,41.695159],[23.492976,41.695324],[23.493919,41.694856],[23.494182,41.694925],[23.49655,41.693773],[23.49743,41.693658],[23.498184,41.692997],[23.498954,41.692736],[23.500084,41.69039],[23.502362,41.689007],[23.503396,41.68781],[23.503584,41.686778],[23.50402,41.686312],[23.504039,41.685741],[23.504573,41.685429],[23.504856,41.684781],[23.504909,41.683332],[23.505419,41.682137],[23.504893,41.68091],[23.505928,41.678033],[23.505641,41.675943],[23.505876,41.67556],[23.505949,41.673996],[23.506721,41.671235],[23.507961,41.669564],[23.508731,41.668043],[23.508942,41.663889],[23.508657,41.663829],[23.508613,41.663209],[23.508339,41.663013],[23.508682,41.662337],[23.508558,41.661997],[23.50794,41.661523],[23.507969,41.660617],[23.507678,41.660521],[23.50682,41.659402],[23.507015,41.658833],[23.50596,41.658255],[23.505002,41.656455],[23.504096,41.655477],[23.502888,41.651797],[23.502771,41.650537],[23.502314,41.65031],[23.502258,41.649919],[23.501927,41.649849],[23.501754,41.647785],[23.501322,41.647455],[23.500945,41.646562],[23.501142,41.644389],[23.500959,41.643183],[23.501619,41.641607],[23.501293,41.640371],[23.501283,41.639091],[23.50074,41.638616],[23.500661,41.636165],[23.498617,41.632658],[23.497676,41.632222],[23.497241,41.63167],[23.496408,41.631502],[23.496178,41.631197]],[[23.496204,41.631237],[23.494789,41.63131],[23.494796,41.630974],[23.494169,41.630543],[23.494065,41.630188],[23.493563,41.630053],[23.492327,41.630055],[23.491502,41.630278],[23.4912,41.630161],[23.490212,41.630516],[23.489885,41.630281],[23.490757,41.629135],[23.492134,41.628957],[23.492914,41.628683],[23.493759,41.628084],[23.495314,41.62765],[23.496197,41.62773],[23.496808,41.627599],[23.499295,41.625433],[23.500296,41.625168],[23.501289,41.625227],[23.501874,41.624793],[23.504116,41.624462],[23.505217,41.623807],[23.50575,41.62298],[23.505537,41.622783],[23.505769,41.622935],[23.506098,41.622748],[23.506693,41.622731],[23.507762,41.623321],[23.50843,41.623423],[23.509356,41.623178],[23.5103,41.623238],[23.511317,41.623515],[23.511822,41.623982],[23.513482,41.624284],[23.514457,41.624226],[23.51562,41.624902],[23.516389,41.625078],[23.517293,41.624907],[23.518537,41.624983],[23.518793,41.625243],[23.518885,41.626095],[23.518407,41.626904],[23.519267,41.626463],[23.519668,41.625987],[23.520724,41.626013],[23.521164,41.626443],[23.521229,41.6256],[23.521788,41.625061],[23.522975,41.62489],[23.523521,41.624498],[23.523985,41.624716],[23.524516,41.624721],[23.524807,41.624956],[23.525658,41.624946],[23.526251,41.625163],[23.526554,41.624939],[23.52676,41.625115],[23.527176,41.625006],[23.527669,41.625164],[23.528462,41.624975],[23.528851,41.625169],[23.529163,41.62581],[23.528326,41.627287],[23.528984,41.628017],[23.529589,41.627876],[23.529676,41.627072],[23.530188,41.626839],[23.530444,41.626324],[23.531249,41.62619],[23.531269,41.625751],[23.531569,41.625689],[23.532278,41.624915],[23.532214,41.624474],[23.532791,41.624004],[23.532608,41.623016],[23.533422,41.62225],[23.53387,41.622187],[23.534868,41.621222],[23.534478,41.620386],[23.534599,41.619547],[23.535168,41.618416],[23.536123,41.617444],[23.538373,41.616663],[23.538584,41.616445],[23.538222,41.614598],[23.538218,41.615114],[23.538428,41.614873],[23.538202,41.614783],[23.538448,41.614765],[23.538225,41.615049],[23.53826,41.615613],[23.538887,41.61636],[23.539851,41.616754],[23.542292,41.618808],[23.54334,41.61889],[23.543942,41.618643],[23.544394,41.618791],[23.544817,41.618083],[23.545561,41.617974],[23.546241,41.618553],[23.546239,41.618886],[23.547906,41.619323],[23.548367,41.619044],[23.548661,41.61852],[23.549099,41.618402],[23.549521,41.619064],[23.550076,41.619205],[23.550303,41.619488],[23.550432,41.618941],[23.551086,41.618734],[23.551672,41.618802],[23.551677,41.619242],[23.55268,41.619422],[23.553539,41.619126],[23.552441,41.61782],[23.552621,41.617332],[23.55297,41.617133],[23.553592,41.61725],[23.555409,41.61686],[23.556244,41.617615],[23.556344,41.618068],[23.556829,41.617981],[23.557093,41.617722],[23.557044,41.616995],[23.556472,41.61609],[23.554703,41.614781],[23.554772,41.613793],[23.555445,41.61271],[23.55643,41.611666],[23.556417,41.610933],[23.556902,41.610609],[23.557523,41.61076],[23.558527,41.610581],[23.559455,41.611022],[23.560802,41.611256],[23.56093,41.611608],[23.561428,41.611513],[23.562257,41.61106],[23.562989,41.611181],[23.563227,41.610768],[23.563965,41.610511],[23.563942,41.609239],[23.564476,41.609479],[23.565008,41.609425],[23.56543,41.609938],[23.56612,41.609956],[23.566964,41.610538],[23.567881,41.610342],[23.569049,41.611416],[23.569966,41.611822],[23.570541,41.611688],[23.571549,41.611891],[23.571889,41.611282],[23.572399,41.610958],[23.575078,41.611124],[23.576679,41.61066],[23.57646,41.609862],[23.576647,41.609482],[23.577447,41.609277],[23.579266,41.609209],[23.580261,41.608341],[23.581643,41.607782],[23.582523,41.607091],[23.583697,41.607405],[23.585112,41.607458],[23.586073,41.607891],[23.586998,41.608472],[23.587309,41.609294],[23.588516,41.610205],[23.589193,41.610067],[23.589489,41.609686],[23.590795,41.609318],[23.591402,41.608758],[23.593437,41.607688],[23.595074,41.607198],[23.597889,41.606997],[23.598539,41.60675],[23.599044,41.606237],[23.599734,41.606123],[23.601427,41.606752],[23.602207,41.606483],[23.602728,41.606646],[23.603474,41.607551],[23.603455,41.607942],[23.604139,41.609002],[23.604931,41.608618],[23.604571,41.608622],[23.604757,41.608683],[23.604234,41.60889],[23.605079,41.608678],[23.60353,41.609081],[23.604249,41.6089],[23.604388,41.608806],[23.60412,41.608787],[23.604288,41.608643],[23.60466,41.608639],[23.604387,41.608438],[23.604592,41.608609],[23.604177,41.608911],[23.604353,41.608896],[23.604175,41.608771],[23.604364,41.608536],[23.605378,41.608635],[23.606987,41.606449],[23.60729,41.605424],[23.60714,41.604932],[23.608469,41.60238],[23.609631,41.601908],[23.610206,41.601105],[23.61022,41.60013],[23.609501,41.599336],[23.609478,41.598548],[23.610389,41.597184],[23.610839,41.595765],[23.610631,41.595119],[23.610035,41.594424],[23.609658,41.593233],[23.609783,41.59046],[23.60944,41.58896],[23.609751,41.587753],[23.610511,41.586998],[23.610421,41.586652],[23.611163,41.584898],[23.612313,41.584256],[23.612119,41.583245],[23.613373,41.582757],[23.614447,41.581858],[23.615533,41.581732],[23.616815,41.580606],[23.618048,41.579895],[23.617789,41.579711],[23.618131,41.579588],[23.617819,41.578918],[23.618105,41.579147],[23.615917,41.577891],[23.616849,41.576783],[23.617724,41.575185],[23.618613,41.574602],[23.618032,41.573542],[23.617296,41.573142],[23.61707,41.572595],[23.61816,41.571109],[23.618358,41.569243],[23.619452,41.568146],[23.620428,41.565949],[23.620227,41.565646],[23.620791,41.56511],[23.621113,41.564395],[23.622083,41.563493],[23.621474,41.563061],[23.619729,41.562955],[23.619276,41.562667],[23.618216,41.562469],[23.617761,41.562121],[23.616113,41.561971],[23.616542,41.561424],[23.61797,41.560717],[23.618767,41.55923],[23.618826,41.558644],[23.618423,41.557068],[23.618679,41.556468],[23.619148,41.556117],[23.621629,41.555428],[23.623016,41.554567],[23.623751,41.554315],[23.625442,41.552528],[23.626209,41.552694],[23.626781,41.552408],[23.626132,41.553572],[23.62668,41.553657],[23.626965,41.554115],[23.626987,41.553922],[23.627086,41.554369],[23.627975,41.555552],[23.628847,41.556046],[23.629328,41.557081],[23.629754,41.557449],[23.631237,41.556082],[23.631273,41.55541],[23.631844,41.554872],[23.632311,41.554999],[23.633075,41.554909],[23.633326,41.553735],[23.634026,41.553758],[23.634523,41.553432],[23.634519,41.553082],[23.635368,41.552358],[23.635733,41.552494],[23.636117,41.552331],[23.636899,41.552771],[23.637838,41.552975],[23.639843,41.552172],[23.641173,41.552615],[23.642026,41.553172],[23.642454,41.553155],[23.642816,41.552893],[23.643029,41.552379],[23.644265,41.551655],[23.64599,41.551248],[23.646894,41.550166],[23.647824,41.549485],[23.647493,41.548908]],[[23.647243,41.548905],[23.647208,41.548687],[23.646871,41.54863],[23.647041,41.548427],[23.646897,41.548095],[23.645871,41.54709],[23.645266,41.546961],[23.644886,41.54661],[23.644032,41.54658],[23.64364,41.546381],[23.643449,41.54548],[23.643916,41.54395],[23.644385,41.543866],[23.644761,41.543257],[23.645277,41.543181],[23.646802,41.543893],[23.648208,41.543912],[23.648837,41.54332],[23.649864,41.543368],[23.650515,41.542779],[23.650708,41.541939],[23.650037,41.540868],[23.649285,41.540171],[23.64905,41.539569],[23.649651,41.538318],[23.649631,41.537503],[23.649179,41.536874],[23.649569,41.53658],[23.649972,41.535307],[23.651266,41.535315],[23.652042,41.534544],[23.651844,41.533791],[23.652015,41.533595],[23.651692,41.533638],[23.651764,41.533842],[23.651868,41.533585],[23.651756,41.533455],[23.651512,41.533622],[23.651503,41.533414],[23.651765,41.533572],[23.65166,41.533353],[23.651554,41.533495],[23.651853,41.533664],[23.651583,41.533485],[23.651713,41.533679],[23.65166,41.533452],[23.651638,41.533582],[23.652302,41.533114],[23.653101,41.532898],[23.653552,41.532414],[23.653858,41.531742],[23.653404,41.530464],[23.654549,41.529674],[23.653748,41.528307],[23.654037,41.526759],[23.654378,41.526285],[23.655613,41.527241],[23.656212,41.527224],[23.656252,41.526719],[23.656609,41.526427],[23.657548,41.526149],[23.658772,41.525448],[23.659261,41.525386],[23.659857,41.523573],[23.661053,41.521803],[23.66145,41.519981],[23.661916,41.519779],[23.663147,41.51987],[23.663531,41.519186],[23.663139,41.51814],[23.660135,41.516319],[23.659317,41.516148],[23.658712,41.515375],[23.658569,41.514759],[23.657968,41.514533],[23.657819,41.514057],[23.657401,41.513877],[23.657665,41.51238],[23.658173,41.511561],[23.658105,41.511088],[23.657394,41.510442],[23.65532,41.507641],[23.654725,41.507227],[23.654443,41.506552],[23.654115,41.506317],[23.654302,41.505695],[23.654093,41.505342],[23.653014,41.504336],[23.652405,41.504271],[23.65141,41.503551],[23.64978,41.50282],[23.64902,41.501866],[23.64752,41.501462],[23.645433,41.501608],[23.645599,41.501152],[23.645414,41.500716],[23.64658,41.499466],[23.646951,41.498165],[23.647145,41.496631],[23.646867,41.494785],[23.647066,41.493724],[23.646855,41.493019],[23.647278,41.492086],[23.646476,41.492677],[23.646353,41.491386],[23.646936,41.490574],[23.64707,41.489902],[23.645756,41.489132],[23.644971,41.488044],[23.644815,41.487514],[23.644965,41.487175],[23.644665,41.486969],[23.644515,41.486461],[23.644974,41.486137],[23.644223,41.485213],[23.645684,41.484595],[23.64611,41.484217],[23.646513,41.484313],[23.647101,41.484066],[23.648931,41.483092],[23.650236,41.48163],[23.650545,41.480906],[23.650436,41.48039],[23.649805,41.479667],[23.648222,41.476403],[23.649859,41.474414],[23.650693,41.47287],[23.65029,41.472173],[23.650275,41.471636],[23.649808,41.47118],[23.649761,41.470862],[23.65062,41.469617],[23.650703,41.468963],[23.651611,41.467505],[23.652298,41.467009],[23.652249,41.466605],[23.651532,41.46677],[23.651099,41.466548],[23.650079,41.464888],[23.650302,41.464405],[23.650724,41.464382],[23.651119,41.464621],[23.650663,41.464487],[23.650737,41.464365],[23.650834,41.464522],[23.650898,41.464364],[23.650789,41.464574],[23.651202,41.464474],[23.650596,41.464474],[23.651033,41.464408],[23.651063,41.464536],[23.651099,41.464416],[23.650972,41.46457],[23.650668,41.463733],[23.651032,41.462841],[23.650844,41.4621],[23.651707,41.461165],[23.652461,41.459468],[23.654078,41.458966],[23.654625,41.458319],[23.655608,41.457776],[23.656272,41.456624],[23.65634,41.455716],[23.656717,41.455295],[23.657647,41.454749],[23.658066,41.454051],[23.660817,41.452632],[23.660896,41.449868],[23.659806,41.448902],[23.658368,41.44833],[23.658092,41.44753],[23.658046,41.446821],[23.659127,41.445817],[23.659093,41.445078],[23.659845,41.443786],[23.65894,41.443338],[23.657604,41.440968],[23.657527,41.440161],[23.657766,41.439373],[23.657022,41.43884],[23.657298,41.438309],[23.656914,41.437038],[23.657111,41.436343],[23.656727,41.434825],[23.656469,41.434424],[23.655677,41.434013],[23.655499,41.433181],[23.654618,41.432905],[23.653876,41.43243],[23.653519,41.431967],[23.653428,41.431023],[23.651801,41.430139],[23.651916,41.429435],[23.651488,41.428703],[23.651352,41.427754],[23.65098,41.427651],[23.651029,41.427233],[23.650063,41.42689],[23.650242,41.426259],[23.650061,41.425995],[23.651106,41.425376],[23.651623,41.424918],[23.651823,41.424168],[23.653227,41.423208],[23.654213,41.422992],[23.654936,41.422522],[23.656218,41.422969],[23.657131,41.422542],[23.658079,41.422621],[23.65925,41.422339],[23.659321,41.422605]],[[23.659424,41.422975],[23.659539,41.422401],[23.659281,41.422292],[23.658027,41.422545],[23.657132,41.422496],[23.656335,41.422905],[23.654803,41.422418],[23.654327,41.422812],[23.653076,41.423181],[23.651782,41.424085],[23.651376,41.424989],[23.650072,41.425873],[23.649489,41.425039],[23.648849,41.42462],[23.648741,41.424216],[23.646934,41.423176],[23.646621,41.421905],[23.646367,41.421685],[23.646507,41.420573],[23.64591,41.420541],[23.645211,41.420176],[23.644786,41.419476],[23.644232,41.419751],[23.644255,41.419624],[23.643618,41.419483],[23.64361,41.419195],[23.642643,41.419027],[23.642974,41.418479],[23.641662,41.418472],[23.641475,41.418613],[23.641221,41.41809],[23.64102,41.418107],[23.641504,41.417197],[23.642645,41.416651],[23.642846,41.41619],[23.64333,41.41592],[23.644134,41.414396],[23.645268,41.413068],[23.646952,41.411947],[23.647992,41.410636],[23.648721,41.410515],[23.648944,41.410175],[23.64854,41.409337],[23.647995,41.408886],[23.646809,41.409334],[23.645172,41.409514],[23.645068,41.409388],[23.645346,41.409091],[23.644263,41.407101],[23.641764,41.406619],[23.64186,41.406416],[23.641593,41.406532],[23.641796,41.406284],[23.641649,41.406096],[23.641916,41.40605],[23.641911,41.405901],[23.641156,41.405622],[23.641324,41.405434],[23.641124,41.405407],[23.641271,41.405233],[23.641436,41.405381],[23.64265,41.405223],[23.642414,41.404912],[23.642758,41.405002],[23.642166,41.404786],[23.642531,41.404822],[23.642572,41.404526],[23.640559,41.403832],[23.640036,41.403941],[23.640376,41.403358],[23.639865,41.403336],[23.640256,41.403037],[23.639867,41.403045],[23.639186,41.403385],[23.638613,41.403],[23.639267,41.402746],[23.638903,41.402161],[23.639205,41.40224],[23.639609,41.402085],[23.639262,41.401744],[23.639196,41.401259],[23.639746,41.401316],[23.640054,41.401092],[23.639518,41.400365],[23.639996,41.400381],[23.639851,41.399964],[23.640504,41.398772],[23.642734,41.396157],[23.643517,41.39551],[23.645391,41.39467],[23.647851,41.39395],[23.647945,41.391494],[23.648539,41.389674],[23.647782,41.388332],[23.647627,41.38761],[23.648219,41.385387],[23.647402,41.383205],[23.647521,41.382433],[23.647283,41.381294],[23.646901,41.381395],[23.646815,41.381004],[23.646465,41.381145],[23.646454,41.380629],[23.645764,41.380803],[23.645604,41.379987],[23.645177,41.380098],[23.64478,41.379593],[23.642525,41.378444],[23.639627,41.376402],[23.636538,41.375525],[23.63466,41.375869],[23.633138,41.376806],[23.632756,41.376671],[23.63227,41.376791],[23.631444,41.377507],[23.628969,41.377397],[23.627025,41.377022],[23.622488,41.37689],[23.62031,41.377047],[23.620375,41.377419],[23.619787,41.377956],[23.617657,41.379233],[23.616444,41.379351],[23.613487,41.381841],[23.612732,41.382162],[23.611759,41.38218],[23.611021,41.38302],[23.610415,41.384224],[23.608635,41.385448],[23.607808,41.387484],[23.608082,41.388936],[23.608659,41.389794],[23.60772,41.390259],[23.608821,41.391569],[23.609211,41.392563],[23.607968,41.393787],[23.60696,41.393862],[23.60634,41.394162],[23.603958,41.392782],[23.601696,41.3919],[23.60108,41.392088],[23.601304,41.39213],[23.601141,41.392232],[23.599285,41.392142],[23.598504,41.391797],[23.597153,41.392387],[23.594969,41.392781],[23.594685,41.393449],[23.594254,41.393763],[23.592885,41.395713],[23.591753,41.396466],[23.590779,41.396357],[23.591395,41.397309],[23.59012,41.396992],[23.590448,41.398684],[23.589646,41.398728],[23.589352,41.398986],[23.587217,41.399543],[23.586186,41.400129],[23.585906,41.399975],[23.585545,41.400165],[23.585691,41.400231],[23.585056,41.400912],[23.583629,41.401246],[23.583227,41.401652],[23.58261,41.401818],[23.582318,41.402087],[23.580485,41.402447],[23.580302,41.402785],[23.579353,41.403328],[23.578245,41.403235],[23.578026,41.404544],[23.578623,41.406398],[23.575035,41.405907],[23.573438,41.404993],[23.571129,41.406923],[23.570714,41.407019],[23.569588,41.406534],[23.568472,41.405153],[23.56798,41.405069],[23.564667,41.406875],[23.562214,41.407979],[23.560899,41.408893],[23.560106,41.409716],[23.559796,41.411746],[23.558917,41.412513],[23.558994,41.41354],[23.558085,41.413657],[23.557437,41.414372],[23.557438,41.414554],[23.557772,41.414594]]]}},{"type":"Feature","properties":{"code":"E8","name":"E8 · Rila–Rhodope","color":"#c93636","source_file":"E8 Rila rodopi merged.gpx","source_points":84597,"recorded_days":11,"dates":"2026-08-17 → 2026-09-02","description":"Your personal recorded track. Long recording gaps are kept separate. Recorded dates include a six-day gap and two continuous midnight crossings; they may not match original hiking stages."},"geometry":{"type":"MultiLineString","coordinates":[[[23.793707,42.106352],[23.793811,42.105268],[23.799851,42.097919],[23.803135,42.09259],[23.803947,42.090859],[23.804208,42.087618],[23.804802,42.086933],[23.805479,42.085218],[23.807367,42.081666],[23.808855,42.080476],[23.808763,42.079659],[23.809471,42.078628],[23.811502,42.078271],[23.811883,42.077892],[23.811317,42.076734],[23.81234,42.075291],[23.811657,42.074191],[23.810287,42.073973],[23.811064,42.073394],[23.812479,42.073212],[23.813448,42.072322],[23.813401,42.070185],[23.810958,42.069107],[23.809624,42.069149],[23.8102,42.068662],[23.810366,42.067923],[23.810934,42.067465],[23.811001,42.066044],[23.811225,42.06599],[23.811094,42.065915],[23.811367,42.065473],[23.812626,42.064176],[23.813595,42.063919],[23.813922,42.06324],[23.813926,42.062047],[23.813597,42.060971],[23.812919,42.060245],[23.812209,42.060248],[23.811632,42.059843],[23.811322,42.059024],[23.811856,42.057962],[23.812488,42.058169],[23.813562,42.058124],[23.812638,42.057074],[23.812585,42.056302],[23.811959,42.056055],[23.811721,42.055512],[23.811183,42.055315],[23.810491,42.055525],[23.809953,42.05547],[23.80928,42.054781],[23.809316,42.054344],[23.809635,42.053909],[23.810976,42.053431],[23.813536,42.053258],[23.814394,42.052294],[23.81545,42.051752],[23.816215,42.051013],[23.816578,42.049833],[23.815407,42.048896],[23.815626,42.048007],[23.815437,42.047507],[23.81435,42.046942],[23.814018,42.046611],[23.814008,42.046294],[23.814528,42.045199],[23.816426,42.044469],[23.81625,42.044019],[23.816269,42.044204],[23.815483,42.043552],[23.816422,42.040326],[23.817552,42.039841],[23.818419,42.03849],[23.819267,42.037944],[23.820377,42.036824],[23.820054,42.036899],[23.8201,42.036461],[23.819196,42.035765],[23.818955,42.035326],[23.817774,42.035239],[23.817814,42.03476],[23.81701,42.034003],[23.816375,42.03357],[23.815331,42.033419],[23.814595,42.032461],[23.81383,42.032308],[23.813033,42.031814],[23.811294,42.031673],[23.810467,42.030903],[23.810637,42.030103],[23.809312,42.029884],[23.807669,42.030124],[23.806954,42.029971],[23.805433,42.028855],[23.805585,42.028897],[23.805383,42.028587],[23.805224,42.028637],[23.805489,42.028833],[23.805012,42.027935],[23.803598,42.027051],[23.802297,42.026506],[23.802112,42.026004],[23.802179,42.024515],[23.801157,42.023714],[23.801006,42.022345],[23.800249,42.020744],[23.799899,42.020206],[23.79918,42.019684],[23.797293,42.019065],[23.797217,42.01847],[23.7968,42.017887],[23.795321,42.017611],[23.794622,42.016902],[23.793441,42.017],[23.79292,42.01688],[23.792415,42.01716],[23.790404,42.016705],[23.789299,42.015855],[23.788235,42.015355],[23.787368,42.015167],[23.78686,42.013913],[23.784976,42.012047],[23.78403,42.010694],[23.783442,42.009326],[23.782025,42.007472],[23.781725,42.005978],[23.782066,42.003804],[23.781787,42.00307],[23.779446,42.002846],[23.777481,42.002452],[23.773917,42.000877],[23.77208,42.000658],[23.771416,42.000825],[23.771018,42.000689],[23.770154,41.999971],[23.768404,41.999452],[23.767009,41.998692],[23.766456,41.998042],[23.765288,41.997645],[23.764121,41.996069],[23.761229,41.993621],[23.760688,41.992652],[23.759691,41.991868],[23.759497,41.991441],[23.758049,41.989991],[23.757508,41.989013],[23.757673,41.987735],[23.756811,41.986573],[23.756843,41.986068],[23.756251,41.985561],[23.758342,41.985092],[23.758159,41.984989],[23.758725,41.985073],[23.75903,41.984788],[23.759871,41.984641],[23.760909,41.984062],[23.761731,41.983118],[23.761208,41.981913],[23.762702,41.981558],[23.763129,41.981256],[23.761304,41.979106],[23.760592,41.979106],[23.760102,41.978772],[23.75951,41.976788],[23.759681,41.975705],[23.758876,41.974906],[23.758791,41.974237],[23.757975,41.974322],[23.756772,41.973935],[23.756001,41.973941],[23.755223,41.972609],[23.755439,41.972794],[23.754829,41.973312],[23.752725,41.973247],[23.751187,41.973502],[23.749273,41.973457],[23.748038,41.973865],[23.747332,41.973758],[23.746106,41.973415],[23.743559,41.971989],[23.741207,41.971298],[23.740159,41.970591],[23.738959,41.970675],[23.735754,41.97001],[23.734513,41.968371],[23.733374,41.968309],[23.732888,41.968088],[23.732458,41.966821],[23.73077,41.965436],[23.730101,41.963971]],[[23.730089,41.963988],[23.729922,41.963806],[23.730066,41.963387],[23.731022,41.963626],[23.732381,41.964591],[23.733443,41.965009],[23.734039,41.965768],[23.734686,41.966162],[23.735218,41.966053],[23.736185,41.966196],[23.737468,41.967003],[23.738485,41.967024],[23.738939,41.96682],[23.740163,41.967188],[23.741433,41.966946],[23.742428,41.967469],[23.743205,41.967446],[23.743762,41.967625],[23.744257,41.967893],[23.744501,41.968296],[23.744957,41.968337],[23.745334,41.968783],[23.746137,41.968288],[23.747835,41.967662],[23.748394,41.967616],[23.749324,41.967944],[23.74987,41.968549],[23.750633,41.968044],[23.751473,41.968702],[23.752321,41.967832],[23.752768,41.967751],[23.754369,41.968083],[23.755317,41.969145],[23.755843,41.968294],[23.756077,41.966953],[23.756577,41.966359],[23.757766,41.966006],[23.759503,41.966703],[23.76023,41.966594],[23.760769,41.966919],[23.761414,41.96682],[23.761965,41.966323],[23.763133,41.96621],[23.763552,41.965457],[23.763604,41.965642],[23.763106,41.964575],[23.763567,41.963856],[23.764497,41.963662],[23.765691,41.963738],[23.766236,41.963289],[23.768805,41.962321],[23.769589,41.96176],[23.769275,41.960693],[23.76973,41.959953],[23.769836,41.958161],[23.769549,41.957563],[23.768105,41.956227],[23.767736,41.954748],[23.767368,41.954316],[23.766638,41.954087],[23.766327,41.953611],[23.765538,41.953321],[23.764649,41.951785],[23.764015,41.951482],[23.762776,41.95145],[23.762805,41.950866],[23.762083,41.950646],[23.761227,41.949966],[23.760914,41.949258],[23.760859,41.948768],[23.761491,41.947987],[23.761472,41.946811],[23.762083,41.945414],[23.761877,41.944909],[23.762074,41.943075],[23.762318,41.942386],[23.762773,41.941894],[23.762756,41.941373],[23.762426,41.940596],[23.761445,41.939889],[23.760767,41.938982],[23.760714,41.937739],[23.75939,41.93653],[23.758821,41.935215],[23.758637,41.934082],[23.757526,41.931824],[23.756381,41.930971],[23.756162,41.929502],[23.755841,41.929062],[23.756822,41.927951],[23.756166,41.927768],[23.756817,41.927859],[23.756723,41.927998],[23.756989,41.927922],[23.756731,41.927935],[23.756882,41.928064],[23.756734,41.927906],[23.757183,41.927708],[23.758255,41.926297],[23.758925,41.925808],[23.758977,41.925043],[23.759407,41.924309],[23.760144,41.924042],[23.760614,41.922968],[23.762664,41.921868],[23.763724,41.921829],[23.764951,41.922025],[23.765884,41.921838],[23.768426,41.920173],[23.769244,41.919327],[23.770085,41.917209],[23.770184,41.914145],[23.771547,41.912537],[23.771868,41.911695],[23.771963,41.910213],[23.772265,41.909918],[23.772865,41.909892],[23.773306,41.909244],[23.773883,41.909164],[23.774723,41.908385],[23.775742,41.906778],[23.775929,41.905777],[23.776358,41.90495],[23.777629,41.903627],[23.778372,41.90201],[23.778219,41.901004],[23.777787,41.900735],[23.776775,41.899229],[23.77674,41.898116],[23.777181,41.897208],[23.777649,41.893826],[23.778285,41.892901],[23.779066,41.892514],[23.779853,41.891699],[23.78099,41.891302],[23.781793,41.891233],[23.784705,41.891285],[23.785071,41.891426],[23.784796,41.891115],[23.785068,41.891327],[23.784404,41.891201],[23.784989,41.891302],[23.785881,41.891988],[23.791618,41.893898],[23.793555,41.895214],[23.795042,41.895278],[23.795917,41.895837],[23.797423,41.895906],[23.799302,41.896937],[23.800412,41.897165],[23.802566,41.896178],[23.803266,41.895345],[23.803376,41.894538],[23.803799,41.894282],[23.80565,41.893787],[23.807608,41.893767],[23.808505,41.894091],[23.809797,41.893718],[23.810028,41.893577],[23.81017,41.89266],[23.810883,41.892077],[23.812338,41.890073],[23.813063,41.889729],[23.814145,41.890208],[23.814675,41.889907],[23.814638,41.88778],[23.814931,41.885875],[23.816271,41.885545],[23.816801,41.88434],[23.817607,41.883821],[23.819361,41.883474],[23.819764,41.883218],[23.820413,41.882553],[23.820907,41.881446],[23.822317,41.880444],[23.823053,41.880393],[23.823725,41.880815],[23.824924,41.880278],[23.825327,41.8793],[23.825238,41.878544],[23.825877,41.877968],[23.826077,41.877351],[23.825987,41.877004],[23.825723,41.877098],[23.826044,41.876504],[23.825474,41.874745],[23.825585,41.874098],[23.82645,41.872772],[23.826972,41.870986],[23.8294,41.868717],[23.83149,41.868017],[23.833271,41.866675],[23.835025,41.863769],[23.836114,41.862471],[23.836404,41.861601],[23.838246,41.860888],[23.840314,41.860821],[23.84171,41.860263],[23.844163,41.859656],[23.844979,41.859696],[23.846201,41.860042],[23.849094,41.859782],[23.850417,41.859429],[23.853573,41.857795],[23.855404,41.857225],[23.85684,41.854617],[23.857237,41.854234],[23.858349,41.853753],[23.859212,41.853672],[23.859817,41.853261],[23.860853,41.852922],[23.861992,41.852864],[23.862856,41.85262],[23.863552,41.852694],[23.863477,41.852533],[23.864584,41.852455],[23.865145,41.852148],[23.866098,41.852005],[23.867692,41.852364],[23.868953,41.852065],[23.870128,41.852093],[23.872858,41.853135],[23.874388,41.852812],[23.875264,41.85292],[23.876004,41.852531],[23.876912,41.852733],[23.879643,41.852214],[23.880162,41.852768],[23.882096,41.853463],[23.882743,41.853965],[23.883979,41.854273],[23.884869,41.855479],[23.884975,41.855989],[23.885982,41.856965],[23.887848,41.8574],[23.88812,41.85776],[23.890062,41.858348],[23.891205,41.859032],[23.892365,41.858946],[23.893048,41.859098],[23.894317,41.858509],[23.894511,41.858878],[23.894274,41.860113],[23.895605,41.862042],[23.896585,41.864555],[23.8976,41.866086],[23.899652,41.867232],[23.902268,41.867822],[23.902712,41.868198],[23.902709,41.86863],[23.903118,41.869192],[23.904706,41.870115],[23.906262,41.869956],[23.907628,41.869233],[23.908208,41.868635],[23.909183,41.866496],[23.909739,41.8668],[23.910064,41.866601],[23.910015,41.865558],[23.910596,41.864672],[23.91149,41.863986],[23.91261,41.862515],[23.914906,41.860503],[23.916495,41.859698],[23.917349,41.858908],[23.917972,41.85865],[23.918731,41.855827],[23.919187,41.855511],[23.920846,41.855043],[23.921344,41.854508],[23.922322,41.853994],[23.922462,41.853613],[23.922076,41.852777],[23.922192,41.85203],[23.92336,41.850509],[23.922549,41.849509],[23.923112,41.848928],[23.925379,41.848458],[23.9272,41.848631],[23.929664,41.848486],[23.930486,41.848272],[23.93124,41.847677],[23.931415,41.84723],[23.931229,41.847268],[23.931661,41.846775],[23.933412,41.845497],[23.93375,41.845378],[23.934789,41.845684],[23.937245,41.845386]],[[23.93722,41.845392],[23.937159,41.845944],[23.938831,41.844349],[23.942256,41.84325],[23.944112,41.843332],[23.945706,41.843052],[23.946908,41.842142],[23.949586,41.840737],[23.950643,41.839294],[23.951311,41.839281],[23.951941,41.838957],[23.953238,41.838956],[23.95369,41.838357],[23.954333,41.838269],[23.955429,41.83851],[23.955746,41.838881],[23.956665,41.839174],[23.957826,41.83881],[23.958071,41.838382],[23.957903,41.837645],[23.958078,41.837471],[23.958748,41.8372],[23.96041,41.83731],[23.961511,41.836252],[23.963172,41.835489],[23.964611,41.83428],[23.965321,41.833959],[23.966315,41.833874],[23.967495,41.83328],[23.968995,41.831736],[23.969259,41.831021],[23.969689,41.830624],[23.970827,41.830285],[23.972027,41.830181],[23.973444,41.829275],[23.973937,41.829178],[23.974818,41.828442],[23.976646,41.827802],[23.978083,41.82754],[23.979359,41.826779],[23.980615,41.826457],[23.981858,41.8257],[23.984121,41.82506],[23.983851,41.824958],[23.984156,41.82514],[23.98419,41.82502],[23.983787,41.82502],[23.984288,41.824859],[23.985011,41.823683],[23.985941,41.823267],[23.98834,41.821322],[23.988996,41.821175],[23.990168,41.821599],[23.991194,41.821063],[23.991836,41.821089],[23.992356,41.820697],[23.993409,41.820409],[23.993695,41.818612],[23.993248,41.817832],[23.994175,41.817337],[23.994924,41.816206],[23.99612,41.81554],[23.99671,41.815435],[23.998202,41.813863],[23.998629,41.813142],[23.999602,41.813152],[24.001104,41.81257],[24.001485,41.812112],[24.00221,41.811888],[24.002755,41.811125],[24.00352,41.810691],[24.004218,41.809937],[24.005343,41.809612],[24.00592,41.809153],[24.006828,41.80889],[24.008282,41.809216],[24.009055,41.808847],[24.010543,41.808841],[24.012548,41.80912],[24.013478,41.809532],[24.015493,41.809273],[24.017752,41.809871],[24.019211,41.809783],[24.02001,41.810108],[24.020508,41.810944],[24.02143,41.811135],[24.021866,41.811514],[24.023259,41.812115],[24.025646,41.81249],[24.026063,41.812317],[24.026848,41.812338],[24.027941,41.812698],[24.02817,41.81333],[24.028717,41.813526],[24.028355,41.813393],[24.02895,41.814206],[24.029657,41.814619],[24.030126,41.814616],[24.031246,41.814182],[24.031618,41.81422],[24.031976,41.816004],[24.031727,41.817783],[24.03214,41.818987],[24.033427,41.819986],[24.034893,41.82043],[24.036485,41.81999],[24.037426,41.820077],[24.038537,41.820454],[24.040611,41.822567],[24.041445,41.823701],[24.042131,41.824188],[24.043466,41.824649],[24.044112,41.825473],[24.045185,41.826172],[24.046831,41.82602],[24.047429,41.825217],[24.048306,41.825342],[24.0492,41.82488],[24.049754,41.824913],[24.050525,41.824172],[24.051552,41.822538],[24.052735,41.821476],[24.05472,41.820966],[24.055678,41.820533],[24.055846,41.819434],[24.05646,41.819301],[24.057546,41.818494],[24.058669,41.818565],[24.05901,41.818378],[24.0591,41.818111],[24.058573,41.817399],[24.058562,41.816867],[24.059711,41.816711],[24.060066,41.816917],[24.061136,41.816849],[24.061575,41.816672],[24.062118,41.816041],[24.062602,41.815913],[24.065359,41.816063],[24.065971,41.816702],[24.067897,41.817215],[24.068746,41.817094],[24.069486,41.816353],[24.070156,41.816332],[24.070487,41.816654],[24.070929,41.818306],[24.071414,41.81855],[24.073115,41.818275],[24.074263,41.817707],[24.075869,41.817518],[24.075879,41.817379],[24.07602,41.817576],[24.076049,41.817319],[24.076047,41.817585],[24.076552,41.817679],[24.075872,41.817352],[24.075929,41.817526],[24.076381,41.817771],[24.077489,41.817979],[24.077935,41.817964],[24.07816,41.817734],[24.07986,41.817997],[24.080178,41.817844],[24.080444,41.816873],[24.08075,41.816652],[24.08122,41.816713],[24.081723,41.817039],[24.083268,41.817133],[24.083746,41.817321],[24.084159,41.817192],[24.084312,41.816713],[24.084954,41.816438],[24.08511,41.816034],[24.086504,41.81568],[24.087277,41.81593],[24.087762,41.816514],[24.088246,41.816431],[24.088766,41.816593],[24.089171,41.817794],[24.089571,41.81807],[24.089904,41.817881],[24.089783,41.81697],[24.09014,41.816284],[24.090431,41.816077],[24.091482,41.815925],[24.092927,41.816887],[24.091793,41.817652],[24.09162,41.818361],[24.091866,41.818608],[24.094249,41.819493],[24.093994,41.820263],[24.094539,41.820808],[24.096187,41.821122],[24.096999,41.821045],[24.097869,41.821404],[24.09943,41.821435],[24.100767,41.822339],[24.101479,41.822053],[24.103014,41.820658],[24.102973,41.819761],[24.10326,41.819326],[24.105745,41.81746],[24.108157,41.816501],[24.108796,41.815615],[24.108259,41.814918],[24.108769,41.815093],[24.108754,41.815288],[24.108851,41.815102],[24.108346,41.815075],[24.108519,41.815356],[24.109674,41.815431],[24.110917,41.814523],[24.112033,41.814285],[24.11246,41.81428],[24.113161,41.814668],[24.114405,41.815],[24.115714,41.814482],[24.11672,41.81457],[24.118551,41.814031],[24.121414,41.815252],[24.123395,41.815324],[24.125199,41.816105],[24.126021,41.816129],[24.126285,41.816026],[24.126204,41.815909],[24.127414,41.815845],[24.128012,41.815964],[24.128097,41.815731],[24.128167,41.816044],[24.128403,41.816169],[24.128414,41.816046],[24.12878,41.816386],[24.130624,41.815087],[24.130353,41.814516],[24.130644,41.813803],[24.135153,41.80896],[24.134297,41.809283],[24.134506,41.808846],[24.134319,41.808527],[24.133087,41.807923],[24.131941,41.808824],[24.131048,41.808889],[24.12994,41.808138],[24.127809,41.809095],[24.127793,41.808881],[24.12712,41.808621],[24.125843,41.807542],[24.125195,41.807833],[24.130711,41.799435],[24.145556,41.773056],[24.144993,41.772237],[24.145031,41.771991],[24.14632,41.771298],[24.146733,41.770628],[24.146706,41.770936]],[[24.146796,41.770772],[24.149637,41.770693],[24.150589,41.770503],[24.153073,41.770697],[24.153782,41.77103],[24.154439,41.771775],[24.15517,41.772144],[24.15749,41.772563],[24.158389,41.772477],[24.161199,41.773657],[24.162349,41.773445],[24.163867,41.772455],[24.166046,41.772915],[24.169582,41.772962],[24.17228,41.772118],[24.174153,41.772209],[24.175623,41.771809],[24.176373,41.772193],[24.177443,41.770741],[24.177382,41.77039],[24.17666,41.769748],[24.1767,41.769169],[24.177306,41.768869],[24.177669,41.767992],[24.178338,41.767141],[24.180061,41.766152],[24.180472,41.76556],[24.18095,41.765398],[24.181647,41.764213],[24.183062,41.763838],[24.183496,41.763502],[24.184113,41.763474],[24.184576,41.764118],[24.184923,41.76427],[24.186463,41.763782],[24.18653,41.763275],[24.185724,41.762706],[24.184661,41.759732],[24.185239,41.758853],[24.186725,41.758412],[24.188148,41.75747],[24.188682,41.757419],[24.189531,41.759311],[24.189967,41.759727],[24.19044,41.759715],[24.190131,41.759901],[24.190392,41.760231],[24.191177,41.760758],[24.191869,41.76074],[24.192287,41.760489],[24.192245,41.760261],[24.190938,41.758712],[24.190662,41.758021],[24.190624,41.756683],[24.191005,41.756328],[24.192076,41.756129],[24.192206,41.755867],[24.191994,41.755364],[24.192482,41.755198],[24.193573,41.754255],[24.194353,41.754518],[24.194781,41.754212],[24.195801,41.754049],[24.196135,41.754388],[24.196915,41.754535],[24.197511,41.754333],[24.197968,41.753676],[24.199411,41.753115],[24.199178,41.752866],[24.198856,41.753132],[24.199291,41.753225],[24.19933,41.753431],[24.199185,41.753131],[24.199339,41.753057],[24.198938,41.753155],[24.199167,41.753246],[24.198875,41.753142],[24.199125,41.753126],[24.201151,41.750235],[24.201633,41.748523],[24.20128,41.74766],[24.202331,41.746386],[24.20244,41.744715],[24.203027,41.743528],[24.203353,41.743141],[24.206758,41.742733],[24.207046,41.742545],[24.207759,41.740828],[24.20771,41.739916],[24.209026,41.738851],[24.209223,41.738025],[24.209101,41.737564],[24.209704,41.737077],[24.209781,41.736478],[24.21003,41.7363],[24.211373,41.736322],[24.212786,41.738547],[24.213632,41.738939],[24.214216,41.738667],[24.215688,41.738777],[24.216683,41.738558],[24.217923,41.739001],[24.219341,41.738811],[24.220443,41.739233],[24.222019,41.7389],[24.22488,41.739425],[24.225544,41.739263],[24.22573,41.738776],[24.226011,41.738651],[24.227773,41.739194],[24.228959,41.738696],[24.229384,41.738084],[24.230919,41.738032],[24.231825,41.738561],[24.232634,41.738655],[24.234225,41.738267],[24.234987,41.737833],[24.234676,41.737938],[24.235042,41.737825],[24.235157,41.738005],[24.234754,41.738046],[24.235079,41.737841],[24.236216,41.737719],[24.236918,41.737011],[24.237978,41.736969],[24.238537,41.736721],[24.238964,41.735802],[24.24038,41.735242],[24.240867,41.734772],[24.242641,41.734843],[24.243936,41.735224],[24.244887,41.735269],[24.245699,41.735869],[24.246297,41.736002],[24.24681,41.735579],[24.246745,41.735014],[24.247096,41.734488],[24.247845,41.734307],[24.248427,41.734046],[24.24874,41.733647],[24.249463,41.73346],[24.249849,41.733046],[24.249753,41.732527],[24.250201,41.732101],[24.251338,41.731761],[24.252425,41.730853],[24.25278,41.730712],[24.254574,41.73066],[24.255722,41.730167],[24.25879,41.730145],[24.259627,41.729769],[24.25997,41.729405],[24.260956,41.729315],[24.261857,41.729013],[24.263481,41.728913],[24.264491,41.728618],[24.26563,41.729076],[24.266352,41.729049],[24.267039,41.729617],[24.268989,41.729944],[24.270485,41.729798],[24.271675,41.730546],[24.272935,41.730704],[24.273321,41.730404],[24.273092,41.730428],[24.273255,41.730275],[24.272805,41.72998],[24.272822,41.730243],[24.272896,41.730092],[24.273314,41.730189],[24.273126,41.730484],[24.273196,41.730238],[24.272812,41.730103],[24.273294,41.730716],[24.273284,41.730424],[24.272969,41.730146],[24.272846,41.730367],[24.272774,41.730146],[24.272843,41.730289],[24.273682,41.73021],[24.274977,41.730826],[24.275161,41.730508],[24.275028,41.730135],[24.275356,41.729511],[24.276147,41.729046],[24.276531,41.72847],[24.276375,41.727745],[24.276792,41.727006],[24.276849,41.726398],[24.277095,41.726302],[24.278092,41.726473],[24.279121,41.725509],[24.279299,41.725103],[24.279042,41.723915],[24.278314,41.72348],[24.27814,41.722944],[24.278249,41.722125],[24.279031,41.72111],[24.279053,41.720158],[24.278812,41.719633],[24.278965,41.719302],[24.279517,41.719157],[24.280637,41.719414],[24.281501,41.719263],[24.281189,41.719226],[24.282092,41.719349],[24.282605,41.719059],[24.283701,41.718883],[24.28466,41.719231],[24.285814,41.718561],[24.286042,41.717807],[24.289521,41.717296],[24.290543,41.717033],[24.291036,41.716727],[24.292981,41.71657],[24.295279,41.715286],[24.295836,41.71475],[24.298797,41.714062],[24.29854,41.713704],[24.298819,41.713366],[24.29932,41.711394],[24.299915,41.711099],[24.30087,41.70983],[24.301667,41.70979],[24.302,41.709452],[24.302047,41.709569],[24.30199,41.709387],[24.302154,41.709456],[24.302156,41.709079],[24.301999,41.709429],[24.302106,41.708932],[24.301081,41.708036],[24.301004,41.706986],[24.301671,41.705811],[24.302419,41.705197],[24.302359,41.704516],[24.304178,41.703347],[24.304665,41.702458],[24.307345,41.700868],[24.307675,41.699971],[24.309229,41.698507],[24.309877,41.698019],[24.310785,41.697675],[24.311128,41.698161],[24.311752,41.698416],[24.312391,41.69842],[24.312761,41.698733],[24.313529,41.69868],[24.313844,41.69904],[24.314992,41.699192],[24.315506,41.699434],[24.317269,41.699254],[24.317557,41.698867],[24.319693,41.698217],[24.319683,41.697669],[24.319911,41.697669],[24.320481,41.696651],[24.321811,41.695327],[24.323318,41.694743],[24.324647,41.693458],[24.325446,41.693145],[24.325762,41.69268],[24.326425,41.692465],[24.325996,41.691791],[24.328097,41.69122],[24.328374,41.691351],[24.328804,41.69125],[24.329349,41.690741],[24.330227,41.691168],[24.331947,41.691133],[24.332513,41.690818],[24.333019,41.690974],[24.333593,41.690918],[24.333375,41.690127],[24.333661,41.689674],[24.333557,41.688932],[24.333932,41.688417],[24.333727,41.687524],[24.333982,41.686466],[24.333611,41.685459],[24.333712,41.683995],[24.333256,41.683559],[24.333021,41.682351],[24.333467,41.68229],[24.334691,41.6807],[24.335252,41.680586],[24.336767,41.679656],[24.337508,41.679433],[24.337301,41.679516],[24.337423,41.679339],[24.337892,41.679649],[24.338928,41.679595],[24.339391,41.67926],[24.339747,41.679388],[24.340774,41.679045],[24.341455,41.678587],[24.341993,41.678704],[24.342791,41.678435],[24.344058,41.677235],[24.34447,41.676209],[24.346014,41.675292],[24.346688,41.675114],[24.347914,41.673751],[24.348874,41.673622],[24.348953,41.672903],[24.348512,41.67225],[24.34937,41.673038],[24.349529,41.673607],[24.34931,41.672127],[24.349013,41.671764],[24.349205,41.671704],[24.349894,41.672904],[24.350139,41.673074],[24.350805,41.673093],[24.351688,41.672811],[24.352207,41.672375],[24.353023,41.671287],[24.35296,41.670979]],[[24.353036,41.671198],[24.353829,41.6706],[24.356441,41.669759],[24.356934,41.669327],[24.357164,41.668799],[24.357243,41.66784],[24.358595,41.666916],[24.359755,41.666744],[24.360262,41.665654],[24.362608,41.665026],[24.364379,41.665553],[24.364261,41.666103],[24.364562,41.666337],[24.366155,41.666542],[24.366295,41.666896],[24.365773,41.668501],[24.366156,41.669234],[24.365628,41.669866],[24.366444,41.671925],[24.367438,41.67304],[24.368006,41.673355],[24.369304,41.673616],[24.370307,41.674662],[24.371505,41.674681],[24.37167,41.675579],[24.373219,41.677519],[24.375188,41.677864],[24.375605,41.677668],[24.376596,41.677693],[24.377442,41.677997],[24.378644,41.678796],[24.380284,41.678999],[24.380558,41.679142],[24.380395,41.679685],[24.380615,41.680245],[24.381366,41.680561],[24.382247,41.68074],[24.383585,41.679265],[24.384175,41.679489],[24.385027,41.679159],[24.385718,41.679777],[24.386593,41.67994],[24.387033,41.679746],[24.388304,41.680507],[24.388934,41.68055],[24.389507,41.680981],[24.390147,41.68089],[24.391652,41.680222],[24.392423,41.680358],[24.393389,41.679551],[24.393993,41.679848],[24.394238,41.680406],[24.394389,41.680163],[24.395313,41.679895],[24.395611,41.679445],[24.396765,41.679218],[24.396221,41.678276],[24.396346,41.677813],[24.397658,41.677387],[24.398661,41.676619],[24.399765,41.676893],[24.400641,41.677988],[24.402594,41.678182],[24.404139,41.677697],[24.405307,41.678256],[24.405926,41.677604],[24.406786,41.677287],[24.408073,41.677822],[24.408609,41.677429],[24.408776,41.676931],[24.409022,41.676863],[24.409305,41.67639],[24.409496,41.676379],[24.409737,41.675701],[24.411135,41.675832],[24.41119,41.675585],[24.412592,41.674467],[24.412466,41.674408],[24.412691,41.674535],[24.412309,41.674744],[24.412569,41.674832],[24.412506,41.674472],[24.413633,41.674864],[24.414624,41.674584],[24.414884,41.673194],[24.416565,41.672192],[24.416671,41.671422],[24.417825,41.670514],[24.417859,41.669942],[24.418934,41.669432],[24.419751,41.668675],[24.419704,41.668095],[24.419418,41.667864],[24.419518,41.667481],[24.419709,41.667312],[24.420304,41.667305],[24.42141,41.666104],[24.421672,41.665386],[24.42277,41.66498],[24.42299,41.66465],[24.422948,41.6638],[24.423946,41.663185],[24.423966,41.662558],[24.425437,41.662099],[24.427095,41.661038],[24.428597,41.660834],[24.429194,41.660488],[24.430272,41.659687],[24.430803,41.658996],[24.431465,41.65886],[24.431881,41.658149],[24.432949,41.657403],[24.433805,41.656377],[24.434526,41.65619],[24.435381,41.655632],[24.435604,41.655775],[24.436216,41.655612],[24.437046,41.654915],[24.437676,41.654708],[24.439121,41.654641],[24.440075,41.653708],[24.44301,41.653372],[24.444571,41.652495],[24.445191,41.651732],[24.445613,41.651713],[24.447121,41.652321],[24.448198,41.651966],[24.44932,41.651948],[24.449861,41.651594],[24.450001,41.651216],[24.450891,41.651098],[24.452907,41.649656],[24.454775,41.649566],[24.456368,41.648906],[24.457576,41.648954],[24.458577,41.648701],[24.45996,41.648707],[24.460726,41.648261],[24.461067,41.647767],[24.46194,41.647636],[24.462544,41.647864],[24.462814,41.647556],[24.464673,41.64725],[24.465076,41.647028],[24.466845,41.646957],[24.468525,41.646466],[24.470374,41.646694],[24.470651,41.646129],[24.470976,41.645949],[24.47107,41.644855],[24.472223,41.644417],[24.47256,41.64357],[24.473252,41.643047],[24.473219,41.641804],[24.473427,41.641799],[24.47349,41.642038],[24.474053,41.641762],[24.474591,41.641809],[24.475053,41.641346],[24.475097,41.640996],[24.474727,41.640764],[24.474942,41.640839],[24.474776,41.641267],[24.475077,41.641044],[24.474821,41.641068],[24.474759,41.641376],[24.475237,41.641248],[24.475438,41.640946],[24.475623,41.638298],[24.475745,41.637942],[24.477037,41.636763],[24.477707,41.634633],[24.478191,41.634117],[24.47831,41.633097],[24.478902,41.632072],[24.478705,41.630975],[24.479911,41.630207],[24.480499,41.629422],[24.481995,41.628824],[24.481993,41.627722],[24.482408,41.627018],[24.484349,41.62644],[24.485142,41.624244],[24.486627,41.623916],[24.487521,41.624618],[24.487317,41.624367],[24.487657,41.624316],[24.487752,41.624503],[24.487888,41.624209],[24.487496,41.624795],[24.487611,41.624511],[24.48781,41.624827],[24.488919,41.624952],[24.489245,41.625283],[24.490085,41.625465],[24.490659,41.625338],[24.491485,41.625781],[24.492195,41.625844],[24.493255,41.626456],[24.494336,41.626593],[24.494763,41.626993],[24.494419,41.62649],[24.492755,41.626218],[24.49223,41.625869],[24.491917,41.625918],[24.491322,41.625657],[24.490822,41.625282],[24.49013,41.625437],[24.489666,41.625205],[24.489237,41.625251],[24.48857,41.624756],[24.488064,41.624723],[24.487752,41.624495],[24.487615,41.624595],[24.487753,41.624204],[24.487608,41.624461],[24.487807,41.624425],[24.48762,41.624456],[24.487759,41.624543],[24.487471,41.624452],[24.487754,41.624565],[24.487602,41.624611],[24.487649,41.624465],[24.487817,41.624557],[24.487613,41.624579],[24.487669,41.62443],[24.487034,41.624208],[24.48675,41.623877],[24.48847,41.622316],[24.488652,41.621461],[24.489307,41.620755],[24.490815,41.620086],[24.490946,41.619696],[24.490594,41.619262],[24.490527,41.618782],[24.490947,41.618288],[24.492182,41.61781],[24.492596,41.616381]],[[24.492563,41.616308],[24.4929,41.616327],[24.493041,41.616124],[24.493635,41.616519],[24.493965,41.616283],[24.495,41.616411],[24.495189,41.615889],[24.495489,41.61583],[24.49635,41.616106],[24.49876,41.617775],[24.500145,41.618453],[24.500563,41.618388],[24.501369,41.618887],[24.502274,41.61917],[24.503905,41.619138],[24.504161,41.619428],[24.50554,41.619893],[24.50759,41.622168],[24.509494,41.622807],[24.510303,41.622874],[24.51062,41.622661],[24.511202,41.622632],[24.512082,41.623395],[24.514028,41.624356],[24.514911,41.625654],[24.515986,41.625564],[24.516803,41.625732],[24.518465,41.627062],[24.519185,41.62632],[24.518595,41.626987],[24.518718,41.626838],[24.518563,41.627303],[24.519922,41.628895],[24.519565,41.629781],[24.519677,41.630161],[24.521356,41.630508],[24.523153,41.631716],[24.524018,41.631894],[24.525057,41.631413],[24.526384,41.629557],[24.525931,41.629994],[24.527341,41.630237],[24.527514,41.630357],[24.527409,41.630803],[24.52831,41.631501],[24.52958,41.631227],[24.530111,41.63074],[24.531064,41.630279],[24.532083,41.63011],[24.532771,41.630695],[24.534395,41.631102],[24.534714,41.630943],[24.535395,41.630959],[24.535734,41.63023],[24.535729,41.629281],[24.53601,41.628769],[24.536265,41.628855],[24.536012,41.628746],[24.536891,41.628483],[24.53788,41.628535],[24.538653,41.628061],[24.539767,41.627831],[24.540134,41.627532],[24.540591,41.626567],[24.541333,41.62701],[24.542231,41.627067],[24.542511,41.627271],[24.541905,41.626982],[24.541476,41.626016],[24.540559,41.624974],[24.541064,41.623975],[24.542093,41.622993],[24.545062,41.622725],[24.546352,41.621884],[24.547007,41.621148],[24.547718,41.621126],[24.549747,41.620154],[24.550727,41.619471],[24.55204,41.618981],[24.55405,41.616197],[24.555838,41.614983],[24.55665,41.61507],[24.557857,41.615689],[24.559753,41.615607],[24.561317,41.615185],[24.563368,41.61426],[24.56418,41.613706],[24.564449,41.612858],[24.564367,41.612301],[24.565197,41.610891],[24.566006,41.610402],[24.56878,41.610105],[24.570381,41.609572],[24.573424,41.609717],[24.574419,41.609583],[24.577568,41.608264],[24.578982,41.607071],[24.579377,41.605843],[24.579876,41.605087],[24.582289,41.605096],[24.583579,41.604452],[24.584858,41.604327],[24.584993,41.603928],[24.584821,41.603223],[24.586043,41.602814],[24.587039,41.602124],[24.587167,41.600496],[24.589169,41.60104],[24.589521,41.601288],[24.590091,41.602072],[24.591295,41.602973],[24.591205,41.603116],[24.591626,41.6035],[24.591234,41.603001],[24.591171,41.603107],[24.591281,41.602987],[24.591325,41.603339],[24.591998,41.604121],[24.593034,41.60485],[24.594609,41.607252],[24.595315,41.607266],[24.595816,41.6091],[24.596562,41.609825],[24.596003,41.610211],[24.596081,41.61042],[24.59583,41.610249],[24.596093,41.610249],[24.595867,41.610328],[24.596104,41.610336],[24.596691,41.609835],[24.596995,41.609877],[24.599245,41.611288],[24.600589,41.612684],[24.601175,41.612758],[24.602589,41.612366],[24.60351,41.611071],[24.604329,41.610804],[24.604911,41.611053],[24.605587,41.611791],[24.606649,41.612524],[24.607765,41.613926],[24.608456,41.61432],[24.609901,41.614512],[24.611123,41.615007],[24.611923,41.615125],[24.613865,41.614741],[24.61575,41.614665],[24.618415,41.615886],[24.619412,41.616616],[24.621085,41.616905],[24.621878,41.616527],[24.623043,41.615505],[24.622976,41.61463],[24.622732,41.61454],[24.623854,41.614904],[24.624649,41.614938],[24.626134,41.613783],[24.628322,41.613975],[24.629501,41.614377],[24.6309,41.614518],[24.631482,41.614863],[24.632111,41.614594],[24.631851,41.614991],[24.630916,41.614974],[24.630823,41.615135],[24.631368,41.615597],[24.632913,41.615781],[24.633492,41.616041],[24.633113,41.616887],[24.632894,41.618873],[24.632606,41.619248],[24.634013,41.62034],[24.633694,41.621163],[24.633701,41.622222],[24.634634,41.622919],[24.635253,41.623828],[24.636117,41.624292],[24.636142,41.624949],[24.636535,41.625381],[24.638119,41.625753],[24.638761,41.626157],[24.639221,41.626753],[24.639684,41.626661],[24.640546,41.62702],[24.640514,41.627383],[24.639883,41.628076],[24.639731,41.628987],[24.639189,41.629427],[24.639172,41.629792],[24.641873,41.630997],[24.64332,41.631213],[24.643958,41.631845],[24.644639,41.632198],[24.644856,41.632733],[24.644453,41.633712],[24.644344,41.634775],[24.645746,41.635384],[24.646184,41.636367],[24.646765,41.636945],[24.64669,41.637341],[24.647708,41.639308],[24.648131,41.639606],[24.650568,41.640244],[24.652008,41.641337],[24.653981,41.641746],[24.656618,41.641212],[24.658699,41.641802],[24.659743,41.641785],[24.662316,41.642458],[24.665428,41.642165],[24.665915,41.642473],[24.666867,41.643683],[24.668345,41.644418],[24.669892,41.644282],[24.671314,41.643911],[24.673353,41.644243],[24.675035,41.643612],[24.676244,41.643733],[24.677792,41.644193],[24.679586,41.643791],[24.680896,41.642626],[24.681929,41.642261],[24.683198,41.642159],[24.684349,41.642423],[24.68591,41.641806],[24.687157,41.641616],[24.688777,41.642603],[24.689338,41.642822],[24.689875,41.642735],[24.689965,41.643078],[24.690238,41.643107]],[[24.690296,41.643188],[24.690941,41.643324],[24.691395,41.643234],[24.691678,41.643647],[24.694008,41.644135],[24.694361,41.644508],[24.695264,41.644753],[24.697086,41.644735],[24.697643,41.645621],[24.698811,41.646509],[24.698972,41.646903],[24.699995,41.647217],[24.700447,41.646835],[24.703005,41.647338],[24.705024,41.648051],[24.70608,41.648631],[24.706637,41.64927],[24.707486,41.649788],[24.708032,41.649544],[24.709503,41.649743],[24.70978,41.650067],[24.710531,41.650352],[24.710243,41.650955],[24.710633,41.651659],[24.711535,41.651532],[24.711736,41.651725],[24.711959,41.652749],[24.712412,41.65342],[24.713482,41.653065],[24.714162,41.652547],[24.715813,41.652774],[24.717342,41.653923],[24.718934,41.654152],[24.720049,41.65401],[24.720767,41.655467],[24.723384,41.655673],[24.724617,41.655953],[24.725983,41.657512],[24.727198,41.65812],[24.727518,41.658711],[24.728597,41.659329],[24.729635,41.659548],[24.730584,41.660138],[24.731857,41.661514],[24.731669,41.66314],[24.733397,41.663193],[24.734438,41.663815],[24.734509,41.66479],[24.734213,41.665313],[24.735319,41.666857],[24.737576,41.667409],[24.738092,41.668001],[24.738141,41.668654],[24.738201,41.668178],[24.738361,41.668189],[24.738136,41.66818],[24.738121,41.668704],[24.738599,41.668974],[24.739804,41.669063],[24.740176,41.669336],[24.740457,41.670144],[24.741087,41.670842],[24.740399,41.671908],[24.740638,41.67232],[24.742144,41.673385],[24.744885,41.674314],[24.745584,41.674858],[24.746513,41.67489],[24.747262,41.675259],[24.747647,41.676703],[24.748744,41.677117],[24.749139,41.677715],[24.749108,41.678528],[24.748628,41.679134],[24.748851,41.679807],[24.748691,41.680558],[24.749512,41.682028],[24.749664,41.68302],[24.750088,41.683546],[24.75057,41.683775],[24.752266,41.684001],[24.752691,41.685493],[24.752419,41.686563],[24.752622,41.686894],[24.754669,41.687903],[24.755153,41.687713],[24.75584,41.687029],[24.756391,41.68685],[24.757031,41.687024],[24.757721,41.687662],[24.757433,41.688983],[24.757662,41.689737],[24.757535,41.690264],[24.755953,41.691615],[24.755961,41.691939],[24.756272,41.692168],[24.75963,41.692934],[24.762019,41.692307],[24.763631,41.692504],[24.764923,41.692315],[24.767059,41.692785],[24.767016,41.692609],[24.76719,41.692646],[24.766885,41.692621],[24.767032,41.692576],[24.766838,41.692578],[24.766863,41.692435],[24.767194,41.692747],[24.766867,41.692615],[24.767236,41.692764],[24.767031,41.692542],[24.766984,41.692729],[24.766977,41.692465],[24.767951,41.692708],[24.768336,41.693628],[24.769798,41.694184],[24.770625,41.694342],[24.772243,41.694222],[24.773669,41.696168],[24.774331,41.696623],[24.774776,41.696707],[24.775273,41.696376],[24.775774,41.696321],[24.779,41.697318],[24.781,41.696763],[24.782473,41.695425],[24.783005,41.695245],[24.783602,41.69531],[24.785068,41.69673],[24.786912,41.696093],[24.789422,41.695781],[24.791016,41.69671],[24.792082,41.696888],[24.792555,41.696499],[24.792705,41.69564],[24.793245,41.694874],[24.794514,41.694432],[24.795322,41.693549],[24.796378,41.69349],[24.799608,41.69508],[24.799875,41.695709],[24.799414,41.696332],[24.799266,41.697249],[24.799916,41.697532],[24.800052,41.697854],[24.800958,41.698114],[24.801119,41.698613],[24.802151,41.698747],[24.802874,41.699774],[24.803099,41.701072],[24.803844,41.70132],[24.804922,41.701211],[24.805674,41.700557],[24.805386,41.700249],[24.805316,41.700523],[24.805488,41.700323],[24.80562,41.700431],[24.805417,41.700264],[24.805539,41.700434],[24.805885,41.700308],[24.805835,41.700507],[24.805434,41.700272],[24.805333,41.700503],[24.805602,41.700438],[24.805441,41.700572],[24.80539,41.700284],[24.805353,41.700493],[24.805627,41.70042],[24.805308,41.700454],[24.805422,41.700362],[24.805545,41.700519],[24.80514,41.700598],[24.804929,41.701118],[24.80587,41.70145],[24.80724,41.701268],[24.808586,41.700326],[24.810032,41.699909],[24.813683,41.699551],[24.814363,41.699229],[24.814771,41.69874],[24.815515,41.69894],[24.817163,41.6971],[24.817758,41.697125],[24.81914,41.696571],[24.819446,41.696107],[24.819257,41.695576],[24.819419,41.695165],[24.820961,41.693997],[24.821868,41.691236],[24.822834,41.690235],[24.823566,41.688717],[24.824205,41.688872],[24.825048,41.689757],[24.825722,41.690055],[24.827697,41.690174],[24.82832,41.691031],[24.828366,41.69088],[24.828122,41.691571],[24.829021,41.69207],[24.829132,41.692496],[24.831424,41.693385],[24.831861,41.694261],[24.832429,41.693967],[24.833174,41.694091],[24.833822,41.693952],[24.83609,41.692884],[24.837298,41.692634],[24.837545,41.692435],[24.838396,41.692533],[24.840105,41.692351],[24.840226,41.693114],[24.84071,41.693381],[24.841734,41.693444],[24.842766,41.693018],[24.844582,41.692593],[24.846936,41.69146],[24.847489,41.690821],[24.847707,41.689733],[24.848578,41.688528],[24.848802,41.688425],[24.848958,41.688736],[24.849171,41.688668],[24.849348,41.687434],[24.85016,41.686411],[24.850702,41.687401],[24.852083,41.688225],[24.85265,41.6885],[24.854265,41.688667],[24.85399,41.688655],[24.854397,41.688832],[24.854552,41.688707],[24.853956,41.688752],[24.853596,41.688987],[24.853874,41.689271],[24.853952,41.689797],[24.853444,41.69106],[24.853258,41.693074],[24.852996,41.693508],[24.853151,41.694127],[24.852924,41.694526],[24.852773,41.696952],[24.852467,41.697386],[24.853174,41.699767],[24.855822,41.702255],[24.855908,41.703873],[24.856466,41.704958],[24.858026,41.70549],[24.858672,41.706142],[24.858627,41.706322],[24.859255,41.706548],[24.861355,41.708256],[24.86278,41.708993],[24.863975,41.709274],[24.865069,41.709802],[24.868411,41.710311],[24.869445,41.7118],[24.869904,41.713465],[24.870968,41.714871],[24.871929,41.714988],[24.876083,41.71388],[24.878177,41.713541],[24.878805,41.713235],[24.88099,41.713195],[24.883018,41.712621],[24.884354,41.71281],[24.887082,41.712575],[24.8885,41.712934],[24.89086,41.712699],[24.892276,41.712327],[24.893024,41.711757],[24.89373,41.711572],[24.894251,41.711059],[24.895035,41.710914],[24.896786,41.711086],[24.898824,41.710464],[24.900218,41.710421],[24.899964,41.710169],[24.900194,41.709979],[24.901596,41.709807],[24.902228,41.709527]],[[24.902318,41.709509],[24.901974,41.70945],[24.901458,41.709729],[24.899868,41.710095],[24.901165,41.710445],[24.901832,41.713312],[24.902894,41.715252],[24.902909,41.716388],[24.902337,41.717724],[24.903233,41.718813],[24.903859,41.718964],[24.9049,41.718381],[24.907222,41.717594],[24.908679,41.717369],[24.910308,41.717349],[24.911237,41.716811],[24.911585,41.716849],[24.911344,41.717215],[24.910208,41.717856],[24.908346,41.718269],[24.907502,41.718698],[24.908548,41.718624],[24.911301,41.719248],[24.912849,41.718893],[24.911914,41.719689],[24.912027,41.71958],[24.912154,41.720162],[24.913198,41.721154],[24.914212,41.723277],[24.914621,41.723572],[24.915626,41.723804],[24.916276,41.724366],[24.915827,41.725508],[24.914234,41.727157],[24.914675,41.728696],[24.915636,41.729627],[24.915802,41.730304],[24.915657,41.73189],[24.916019,41.732352],[24.916058,41.73289],[24.916362,41.733145],[24.918217,41.733705],[24.918946,41.734805],[24.919061,41.735327],[24.919382,41.735341],[24.920336,41.734562],[24.924002,41.734162],[24.92441,41.734973],[24.926001,41.735091],[24.928521,41.736525],[24.929093,41.736611],[24.930047,41.73779],[24.931291,41.738173],[24.931802,41.737981],[24.932246,41.738055],[24.935344,41.739637],[24.936339,41.739342],[24.937148,41.739356],[24.937753,41.739068],[24.938145,41.738613],[24.939681,41.738942],[24.941656,41.738992],[24.942453,41.738444],[24.942713,41.737913],[24.9446,41.737155],[24.946119,41.73721],[24.946986,41.736982],[24.947994,41.736298],[24.948511,41.735698],[24.949199,41.735655],[24.950492,41.734671],[24.953876,41.733346],[24.953323,41.733432]],[[24.953276,41.733318],[24.95339,41.733441],[24.953838,41.733286],[24.955907,41.732255],[24.956643,41.732503],[24.95782,41.733426],[24.959623,41.733737],[24.959075,41.735182],[24.958256,41.736318],[24.957951,41.738282],[24.957567,41.739065],[24.957785,41.739726],[24.95753,41.740444],[24.957714,41.741119],[24.957555,41.741752],[24.95775,41.742077],[24.95761,41.742682],[24.957933,41.743082],[24.957352,41.743579],[24.956849,41.745682],[24.957403,41.746729],[24.957516,41.747449],[24.957881,41.747853],[24.958883,41.748219],[24.959962,41.748174],[24.96034,41.748779],[24.961671,41.749127],[24.96275,41.750399],[24.9636,41.750781],[24.960712,41.752114],[24.962186,41.755543],[24.96223,41.755379],[24.961139,41.756138],[24.960629,41.756789],[24.960672,41.757532],[24.961231,41.758404],[24.961326,41.758952],[24.96005,41.759279],[24.958946,41.760412],[24.957971,41.760102],[24.95759,41.760277],[24.957758,41.760643],[24.957234,41.760547],[24.956359,41.761201],[24.955104,41.762579],[24.9549,41.762526],[24.955039,41.763473],[24.953877,41.764881],[24.953695,41.765383],[24.954,41.766018],[24.953987,41.766794],[24.955478,41.76861],[24.955695,41.769167],[24.955559,41.769512],[24.956244,41.770264],[24.956186,41.770759],[24.956878,41.771347],[24.956718,41.771803],[24.955889,41.772532],[24.955725,41.772973],[24.955885,41.773715],[24.955386,41.774359],[24.956216,41.775224],[24.956105,41.775832],[24.956516,41.776223],[24.956354,41.778426],[24.956949,41.779653],[24.956521,41.781242],[24.955992,41.78148],[24.956197,41.781702],[24.955992,41.781448],[24.955694,41.781475],[24.95586,41.781381],[24.956125,41.781698],[24.956183,41.781503],[24.955766,41.781359],[24.956512,41.781609],[24.956365,41.781326],[24.956109,41.781477],[24.956399,41.781629],[24.956189,41.781494],[24.957566,41.781722],[24.95836,41.782105],[24.958706,41.782668],[24.961219,41.784046],[24.962205,41.785086],[24.960651,41.786822],[24.959736,41.788541],[24.95923,41.788751],[24.958882,41.789447],[24.958781,41.790566],[24.959194,41.7918],[24.959104,41.792838],[24.959634,41.7933],[24.959718,41.794546],[24.959536,41.795044],[24.959695,41.795406],[24.960521,41.795988],[24.961152,41.796139],[24.96273,41.79732],[24.963615,41.800207],[24.96417,41.800614],[24.964658,41.801618],[24.964718,41.803547],[24.964874,41.803389],[24.965861,41.804907],[24.96703,41.805749],[24.968162,41.807023],[24.968813,41.80827],[24.969408,41.808767],[24.969568,41.809554],[24.970939,41.810892],[24.970744,41.81125],[24.970834,41.811898],[24.973408,41.81275],[24.97431,41.813259],[24.975437,41.814328],[24.976648,41.814737],[24.977264,41.815686],[24.97733,41.816353],[24.978285,41.816986],[24.980285,41.817188],[24.979854,41.817251],[24.979776,41.818506],[24.980599,41.819561],[24.981088,41.819773],[24.981521,41.820699],[24.9828,41.821081],[24.983358,41.820999],[24.983594,41.82117],[24.983749,41.821618],[24.984251,41.822086],[24.984164,41.82293],[24.98463,41.823617],[24.984364,41.824487],[24.985068,41.825428],[24.985319,41.826765],[24.986519,41.82768],[24.987735,41.828168],[24.988166,41.828647],[24.988335,41.829292],[24.990768,41.830254],[24.991706,41.831167],[24.992259,41.831355],[24.993178,41.83135],[24.995483,41.83216],[24.996901,41.832228],[24.997916,41.832611],[24.999034,41.832731],[24.999602,41.833693],[25.00052,41.834658],[25.000567,41.834884],[25.000265,41.83489],[25.000601,41.834998],[25.000405,41.835511],[25.000781,41.836005],[25.000373,41.836875],[25.000573,41.83786],[25.001477,41.838665],[25.002362,41.840221],[25.004977,41.842007],[25.004582,41.842939],[25.003538,41.843679],[25.003798,41.844176],[25.003673,41.844052],[25.004132,41.843763],[25.003855,41.843921],[25.003931,41.844061],[25.003627,41.843957],[25.003637,41.844084],[25.003817,41.843934],[25.003153,41.844428],[25.002841,41.845322],[25.001713,41.846815],[25.001609,41.847593],[25.003941,41.849925],[25.006755,41.851043],[25.008714,41.850746],[25.008462,41.85102],[25.008761,41.850818],[25.00719,41.852135],[25.004631,41.852334],[25.003274,41.852787],[25.002404,41.85276],[25.001907,41.853182],[25.001288,41.853219],[24.999455,41.854159],[24.997163,41.853255],[24.996288,41.853201],[24.994731,41.853755],[24.993143,41.855382],[24.992251,41.855375],[24.9911,41.855952],[24.990262,41.856951],[24.990152,41.857484],[24.989556,41.858062],[24.989519,41.858856],[24.989155,41.859121],[24.988058,41.859208],[24.984699,41.858575],[24.983118,41.858895],[24.981096,41.859549],[24.98068,41.859971],[24.980167,41.859768],[24.979687,41.859868],[24.979098,41.860804],[24.977439,41.861356],[24.976911,41.862155],[24.976542,41.862377],[24.9756,41.861885],[24.974547,41.861961],[24.974373,41.8612],[24.973786,41.860795],[24.97319,41.860652],[24.972422,41.860779],[24.971872,41.861387],[24.972562,41.862749],[24.97213,41.863061]],[[25.00388,41.852518],[25.004891,41.852661],[25.006381,41.852494],[25.007228,41.852747],[25.00835,41.852778],[25.009178,41.852401],[25.012521,41.849529],[25.014211,41.849799],[25.015959,41.849745],[25.018418,41.848952],[25.019879,41.848925],[25.020697,41.849389],[25.021708,41.849433],[25.022175,41.849784],[25.022711,41.850678],[25.022867,41.850441],[25.0251,41.849757],[25.026908,41.849911],[25.027902,41.850333],[25.028893,41.851076],[25.030285,41.851367],[25.030508,41.851606],[25.03042,41.852148],[25.03045,41.851366],[25.0304,41.852099],[25.031,41.853496],[25.031837,41.854741],[25.031978,41.855808],[25.032403,41.856716],[25.033118,41.857525],[25.034233,41.858011],[25.03491,41.858722],[25.036523,41.859766],[25.037458,41.860112],[25.040382,41.86054],[25.042874,41.862011],[25.044021,41.862137],[25.044375,41.862355],[25.046094,41.862279],[25.047668,41.863068],[25.049449,41.862685],[25.05049,41.863109],[25.051168,41.863175],[25.051813,41.863918],[25.052354,41.864226],[25.053785,41.863981],[25.054308,41.863391],[25.055752,41.862863],[25.059342,41.863304],[25.060695,41.862503],[25.062643,41.862405],[25.064651,41.861815],[25.064955,41.861889],[25.065502,41.862772],[25.066273,41.863373],[25.066596,41.863424],[25.069007,41.861613],[25.070346,41.861486],[25.070542,41.85927],[25.071505,41.858874],[25.073958,41.8595],[25.07488,41.859529],[25.075318,41.859198],[25.074862,41.859434],[25.075681,41.860653],[25.076303,41.86089],[25.077371,41.860604],[25.078099,41.86009],[25.078221,41.858542],[25.079257,41.857311],[25.078949,41.856205],[25.078809,41.85373],[25.079294,41.852502],[25.080407,41.851722],[25.080599,41.850862],[25.082581,41.849611],[25.082122,41.848841],[25.082597,41.847586],[25.082406,41.847029],[25.082555,41.846667],[25.083671,41.846388],[25.085081,41.845748],[25.087279,41.844256],[25.088154,41.844005],[25.089112,41.844526],[25.089891,41.845972],[25.090912,41.846426],[25.092493,41.846756],[25.094674,41.846178],[25.09593,41.844416],[25.096307,41.84421],[25.096905,41.844191],[25.098754,41.842798],[25.099876,41.842999],[25.100487,41.843435],[25.101407,41.843681],[25.102695,41.843148],[25.103453,41.843258],[25.10378,41.844257],[25.104553,41.844702],[25.104932,41.845338],[25.104921,41.845894],[25.104098,41.846473],[25.104115,41.846999],[25.105049,41.847221],[25.106031,41.847768],[25.10705,41.847723],[25.109997,41.848585],[25.111165,41.848405],[25.111398,41.847957],[25.112265,41.847827],[25.114514,41.848923],[25.114935,41.848764],[25.115125,41.848282],[25.115494,41.84811],[25.117478,41.84819],[25.118353,41.847678],[25.12103,41.847258],[25.124325,41.848298],[25.125445,41.848266],[25.126614,41.848623],[25.127721,41.848547],[25.12756,41.849248],[25.128726,41.850027],[25.13074,41.850309],[25.13121,41.850218],[25.132553,41.850798],[25.133461,41.850706],[25.135544,41.84978],[25.1369,41.849572],[25.137927,41.849751],[25.138702,41.849683],[25.139175,41.84913],[25.141142,41.84838],[25.142934,41.848158],[25.144381,41.848357],[25.145311,41.848017],[25.146593,41.846797],[25.147917,41.846472],[25.14915,41.845761],[25.149459,41.845814],[25.150301,41.846504],[25.152318,41.84642],[25.152781,41.845675],[25.152271,41.844802],[25.152009,41.84479],[25.156495,41.848449],[25.156395,41.852343],[25.156648,41.85312],[25.158279,41.853731],[25.159035,41.854526],[25.160254,41.85516],[25.161006,41.856526],[25.161482,41.856774],[25.16255,41.856838],[25.163753,41.856638],[25.164459,41.856303],[25.165511,41.856289],[25.167111,41.856646],[25.168427,41.857167],[25.170152,41.856392],[25.173556,41.853468],[25.174408,41.852559],[25.174497,41.851655],[25.174794,41.851137],[25.17648,41.849647],[25.177835,41.848939],[25.181414,41.847821],[25.186563,41.84823],[25.187099,41.848124],[25.187779,41.847595],[25.189512,41.847387],[25.190456,41.847692],[25.19102,41.847438],[25.191643,41.846604],[25.192209,41.846288],[25.193577,41.84657],[25.194195,41.846194],[25.195042,41.84652],[25.196026,41.846611],[25.196983,41.847127],[25.200412,41.847666],[25.203435,41.847601],[25.206373,41.8478],[25.206761,41.848633],[25.207857,41.848837],[25.207516,41.849244],[25.206168,41.850077],[25.206284,41.85058],[25.207033,41.85111],[25.20899,41.851938],[25.210572,41.852089],[25.212318,41.852654],[25.215103,41.853257],[25.216312,41.853345],[25.217874,41.854469],[25.218565,41.854613],[25.219379,41.854419],[25.219847,41.85536],[25.221375,41.855752],[25.221131,41.855835],[25.221459,41.855965],[25.223493,41.856273],[25.226197,41.855559],[25.228797,41.855708],[25.233241,41.8552],[25.233545,41.854518],[25.233204,41.85399],[25.233436,41.853476],[25.234003,41.853222],[25.233988,41.852447],[25.234391,41.85223],[25.236651,41.852153],[25.238155,41.851504],[25.238275,41.851307],[25.237918,41.850931],[25.237196,41.850737],[25.23659,41.850784],[25.237935,41.849963],[25.238751,41.850052],[25.238444,41.849887],[25.23985,41.850291],[25.241024,41.850323],[25.242858,41.850946],[25.243252,41.851321],[25.243579,41.851184],[25.244647,41.851228],[25.245299,41.851561],[25.246624,41.85163],[25.247285,41.851989],[25.249247,41.851753],[25.250582,41.851907],[25.251405,41.851721],[25.253567,41.851872],[25.253814,41.85178],[25.254163,41.850935],[25.254573,41.850788],[25.254532,41.850647],[25.254991,41.851037],[25.256051,41.851089],[25.257019,41.850375],[25.257624,41.850294],[25.258397,41.850535],[25.260222,41.849818],[25.261475,41.849654],[25.26235,41.849021],[25.264258,41.848302],[25.2654,41.848595],[25.266559,41.848477],[25.266607,41.848116],[25.266394,41.848452],[25.266586,41.848332],[25.266493,41.848118],[25.266949,41.848356],[25.268483,41.848164],[25.268316,41.848265],[25.268471,41.848462],[25.27045,41.849234],[25.271941,41.848949],[25.272861,41.849652],[25.273812,41.850013],[25.275174,41.849878],[25.277411,41.851438],[25.27805,41.851314],[25.279095,41.853837],[25.279439,41.854163],[25.279414,41.854686],[25.280071,41.854847],[25.280987,41.854804],[25.284171,41.855456],[25.284403,41.856411],[25.28565,41.858253],[25.285932,41.858371],[25.286682,41.858255],[25.28707,41.85842],[25.287029,41.860488],[25.28759,41.863363],[25.28809,41.86407],[25.288252,41.864726],[25.289067,41.865148],[25.289691,41.865795],[25.284876,41.866597],[25.283973,41.867485],[25.283875,41.868617],[25.284814,41.869497],[25.284309,41.869926],[25.284599,41.870763],[25.284499,41.871257],[25.284961,41.871761],[25.284902,41.872492],[25.28571,41.873762],[25.283213,41.876413],[25.284803,41.876965],[25.286889,41.878376],[25.287266,41.878867],[25.287111,41.879562],[25.285755,41.880721],[25.285827,41.880987],[25.286845,41.881568],[25.286109,41.882213],[25.286124,41.88278],[25.287673,41.884032],[25.289404,41.885067],[25.290811,41.886304],[25.292988,41.887472],[25.29391,41.888609],[25.295533,41.890047],[25.296455,41.891869],[25.29799,41.893595],[25.297686,41.894017],[25.29631,41.894506],[25.295432,41.895347],[25.293881,41.895984],[25.294456,41.896441],[25.293855,41.896812],[25.293818,41.897076],[25.29483,41.898021],[25.294267,41.899474],[25.293514,41.900636],[25.295215,41.902106],[25.29825,41.903247],[25.298519,41.904192],[25.299003,41.904259],[25.298648,41.904225],[25.298587,41.904387],[25.299185,41.905278],[25.300514,41.906265],[25.302655,41.906715],[25.303403,41.906466],[25.304898,41.906743],[25.306886,41.906548],[25.307794,41.906781],[25.307962,41.9071],[25.308282,41.907177],[25.308892,41.906929],[25.308493,41.90621],[25.308019,41.903747],[25.307502,41.903659],[25.307197,41.90313],[25.30734,41.902155],[25.307631,41.901884],[25.309137,41.901503],[25.310546,41.901488],[25.311909,41.901979],[25.313699,41.901395],[25.315265,41.901293],[25.316194,41.900716],[25.316254,41.90043],[25.315095,41.900086],[25.313928,41.89933],[25.313805,41.898614],[25.316734,41.899231],[25.318186,41.899725],[25.320207,41.899723],[25.32141,41.900141],[25.322899,41.900054],[25.324097,41.89973],[25.325053,41.899111],[25.327082,41.898424],[25.32796,41.898561],[25.328679,41.898254],[25.329144,41.897912],[25.329324,41.897418],[25.328624,41.897324],[25.329102,41.897531],[25.329538,41.897488],[25.331505,41.895934],[25.334473,41.894195],[25.338706,41.893114],[25.344085,41.893241],[25.345475,41.894497],[25.345719,41.895629],[25.346151,41.895882],[25.350319,41.894941],[25.351663,41.895095],[25.352823,41.895819],[25.355116,41.896199],[25.355775,41.89582],[25.35718,41.893484],[25.360146,41.892115],[25.361642,41.890937],[25.362801,41.889504],[25.36409,41.888522],[25.36506,41.888222],[25.366058,41.888298],[25.366992,41.887987],[25.368134,41.886921],[25.36981,41.886179],[25.370518,41.885631],[25.370704,41.885719],[25.370747,41.885497],[25.372571,41.884955],[25.374282,41.88376],[25.381639,41.880699],[25.385945,41.879538],[25.387763,41.879312],[25.388823,41.87815],[25.390058,41.877448],[25.390202,41.877099],[25.393117,41.877154],[25.394073,41.877755],[25.395394,41.877685],[25.40006,41.875011],[25.401427,41.873461],[25.403136,41.872982],[25.404409,41.87285],[25.40522,41.872317],[25.406887,41.872202],[25.40802,41.871879],[25.41018,41.871908],[25.414991,41.873477],[25.417389,41.87375],[25.418631,41.873635],[25.419596,41.873325],[25.424218,41.872854],[25.426306,41.872312],[25.427534,41.87233],[25.428715,41.872099],[25.432748,41.869717],[25.435206,41.866476],[25.436134,41.865661],[25.438812,41.866025],[25.441557,41.86667],[25.442418,41.866458],[25.443051,41.86566],[25.444178,41.865375],[25.445616,41.865968],[25.446761,41.866858],[25.45258,41.867229],[25.453437,41.867628],[25.453573,41.867539],[25.453502,41.867655],[25.453385,41.867585],[25.453624,41.867538],[25.453321,41.867632],[25.453535,41.867625],[25.45337,41.867472],[25.453639,41.867587],[25.453282,41.867648],[25.453639,41.867466],[25.453643,41.867692],[25.453411,41.867561],[25.453375,41.867729],[25.453573,41.86741],[25.453285,41.86743],[25.453284,41.867586],[25.453612,41.867643],[25.453735,41.868044],[25.453283,41.867628],[25.453494,41.867532],[25.453024,41.86759],[25.453409,41.867664],[25.453605,41.867398],[25.453379,41.867611],[25.453737,41.86762],[25.4538,41.867358],[25.454052,41.867305],[25.455618,41.867237],[25.459112,41.866335],[25.466027,41.8653],[25.468104,41.864747],[25.475365,41.864801],[25.482007,41.864384],[25.486783,41.86352],[25.4887,41.862821],[25.490215,41.86255],[25.492709,41.862631],[25.495147,41.862478],[25.497754,41.862932],[25.499248,41.862266],[25.502761,41.862055],[25.504105,41.86219],[25.505435,41.862702],[25.506398,41.862757],[25.507019,41.862512],[25.508188,41.860552],[25.51049,41.859994],[25.517551,41.862425],[25.520227,41.865737],[25.521235,41.866442],[25.544346,41.874174],[25.545732,41.875045],[25.552098,41.880045],[25.553477,41.879905],[25.5935,41.852622],[25.594753,41.851473],[25.595336,41.850522],[25.595837,41.849],[25.598119,41.841076],[25.598286,41.83985],[25.597948,41.838322],[25.593658,41.828799],[25.593844,41.828612],[25.595009,41.82846],[25.594803,41.828599]],[[25.59468,41.828714],[25.594543,41.828502],[25.593726,41.828612],[25.593158,41.827752],[25.586203,41.826253],[25.581107,41.82465],[25.578943,41.826998],[25.578949,41.827938],[25.578417,41.828514],[25.579001,41.827921],[25.579082,41.826893],[25.581114,41.824636],[25.586399,41.826344],[25.593084,41.827719],[25.593897,41.828663],[25.598123,41.827697],[25.601656,41.826494],[25.60528,41.827286],[25.605666,41.827075],[25.60599,41.826215],[25.605667,41.825827],[25.60589,41.825913],[25.605959,41.825765],[25.605985,41.825979],[25.605979,41.825838],[25.60573,41.825879],[25.606026,41.826012],[25.606555,41.825488],[25.609421,41.824832],[25.614318,41.822693],[25.615708,41.819616],[25.619649,41.814284],[25.621296,41.807915],[25.621862,41.806725],[25.622511,41.805651],[25.623674,41.804359],[25.62417,41.804485],[25.624339,41.804282],[25.624446,41.804421],[25.624376,41.804281],[25.624107,41.804454],[25.62405,41.804103],[25.624334,41.803588],[25.623839,41.800399],[25.62571,41.796555],[25.626718,41.790509],[25.631214,41.784957],[25.640903,41.777624],[25.642795,41.776563],[25.642956,41.775946],[25.642726,41.776151],[25.642906,41.776214],[25.644878,41.775221],[25.646437,41.774992],[25.650735,41.77626],[25.656255,41.777149],[25.659942,41.776464],[25.664843,41.776196],[25.665344,41.77594],[25.669832,41.77064],[25.67084,41.769851],[25.678875,41.76574],[25.690873,41.762156],[25.698229,41.760895],[25.704872,41.760196],[25.709492,41.75941],[25.710898,41.75934],[25.712796,41.759422],[25.717692,41.760525],[25.71942,41.761607],[25.721135,41.761726],[25.722152,41.762157],[25.72383,41.761064],[25.724383,41.760209],[25.725372,41.759372],[25.727768,41.759205],[25.728719,41.758452],[25.731684,41.756757],[25.732636,41.756391],[25.732922,41.755151],[25.734387,41.754552],[25.735187,41.753815],[25.736387,41.75371],[25.737478,41.753217],[25.73874,41.753575],[25.739161,41.753527],[25.740283,41.751752],[25.742146,41.751083],[25.745659,41.747656],[25.746085,41.74766],[25.747532,41.748761],[25.748588,41.74911],[25.757272,41.748464],[25.761738,41.748716],[25.7652,41.748225],[25.767669,41.746206],[25.768011,41.744356],[25.76835,41.743755],[25.768819,41.74349],[25.772307,41.742667],[25.772587,41.741048],[25.772778,41.741077],[25.772552,41.741022],[25.773324,41.74112],[25.772725,41.741069],[25.772539,41.741347],[25.772074,41.743335],[25.772098,41.743602],[25.772812,41.743693],[25.77268,41.744475],[25.77283,41.743606],[25.7733,41.742707],[25.774668,41.742661],[25.777699,41.74217],[25.779669,41.74241],[25.78175,41.743631],[25.782278,41.74381],[25.782828,41.743769],[25.784588,41.742845],[25.785887,41.740905],[25.786003,41.7391],[25.787323,41.735731],[25.787854,41.735422],[25.789768,41.735041],[25.790123,41.734647],[25.791047,41.732592],[25.790727,41.731948],[25.791187,41.7307],[25.79116,41.729405],[25.792353,41.729006],[25.79293,41.727876],[25.792761,41.727104],[25.792167,41.726593],[25.791962,41.725921],[25.793493,41.726617],[25.794285,41.72676],[25.794755,41.726524],[25.795029,41.725868],[25.795801,41.72577],[25.797826,41.726424],[25.799356,41.726496],[25.800547,41.726992],[25.801906,41.726989],[25.803008,41.727871],[25.804052,41.727996],[25.805482,41.72783],[25.806784,41.727956],[25.808244,41.727706],[25.810502,41.727985],[25.812184,41.726905],[25.81341,41.72697],[25.81498,41.7263],[25.817816,41.726882],[25.82028,41.727879],[25.821993,41.728358],[25.822826,41.728216],[25.824356,41.728428],[25.827077,41.728349],[25.827765,41.728031],[25.828743,41.728635],[25.83025,41.728737],[25.831373,41.728459],[25.832309,41.728442],[25.834866,41.7278],[25.834835,41.728076],[25.83461,41.728158],[25.834658,41.727774],[25.835978,41.727834],[25.837996,41.728352],[25.83876,41.729974],[25.840059,41.731024],[25.841617,41.731394],[25.842321,41.732694],[25.842887,41.732909],[25.844595,41.732679],[25.846561,41.733895],[25.846895,41.734538],[25.847791,41.735073],[25.849934,41.734893],[25.850522,41.735054],[25.851699,41.734936],[25.852616,41.735061],[25.853833,41.734793],[25.856271,41.734725],[25.857004,41.734475],[25.8594,41.734485],[25.86186,41.734013],[25.863061,41.733454],[25.863807,41.73335],[25.864495,41.733695],[25.865131,41.733359],[25.867226,41.732927],[25.868502,41.733287],[25.869986,41.733391],[25.872131,41.73429],[25.873074,41.73432],[25.873786,41.734715],[25.874046,41.734477],[25.874059,41.733819],[25.875663,41.73366],[25.876368,41.733238],[25.876829,41.732649],[25.876786,41.73352],[25.877111,41.733869],[25.878501,41.733355],[25.880146,41.733198],[25.883221,41.733863],[25.884413,41.734575],[25.888023,41.733851],[25.888886,41.734427],[25.89031,41.734831],[25.891095,41.734291],[25.892378,41.733923],[25.892833,41.733053],[25.894751,41.732935],[25.895289,41.731868],[25.897759,41.730746],[25.90011,41.730946],[25.901864,41.730486],[25.903324,41.73101],[25.904544,41.730901],[25.905628,41.732089],[25.906469,41.731971],[25.907128,41.732228],[25.908137,41.73223],[25.909452,41.733021],[25.911182,41.733317],[25.911422,41.734319],[25.913325,41.734972],[25.91436,41.735803],[25.914625,41.736354],[25.91568,41.737452],[25.916166,41.737558],[25.917673,41.736852],[25.918277,41.737133],[25.918961,41.737086],[25.919325,41.736874],[25.92025,41.737101],[25.921116,41.737004],[25.922379,41.73725],[25.923376,41.737766],[25.927294,41.737282],[25.927698,41.73709],[25.92823,41.736447],[25.928883,41.737125],[25.929449,41.737354],[25.930157,41.73733],[25.931134,41.73668],[25.932948,41.7367],[25.933346,41.735293],[25.933963,41.734211],[25.934057,41.733503],[25.935211,41.731976],[25.935579,41.731035],[25.935802,41.730761],[25.936563,41.730447],[25.936961,41.7296],[25.939876,41.728538],[25.940654,41.727804],[25.942046,41.727319],[25.942609,41.727587],[25.943744,41.727346],[25.945624,41.72628],[25.946319,41.726189],[25.947657,41.726331],[25.949687,41.726977],[25.951552,41.727042],[25.953144,41.727499],[25.953525,41.727958],[25.954429,41.728015],[25.954856,41.727797],[25.955741,41.728003],[25.955149,41.727868],[25.955126,41.727619],[25.955211,41.7274],[25.95581,41.727416],[25.955625,41.72707],[25.955958,41.727035],[25.956379,41.728011],[25.956328,41.728606],[25.955756,41.729091],[25.954609,41.72919],[25.954006,41.729578],[25.955768,41.730999],[25.95714,41.73137],[25.957298,41.732078],[25.957116,41.732581],[25.957403,41.73285],[25.960433,41.732181],[25.962817,41.73205],[25.967644,41.731235],[25.969252,41.731827],[25.969642,41.731919],[25.969736,41.731752],[25.969745,41.731882],[25.969037,41.731756],[25.96974,41.731946],[25.969752,41.731783],[25.970043,41.732353],[25.969193,41.73368],[25.96946,41.734243],[25.969956,41.73463],[25.970113,41.735469],[25.9705,41.735714],[25.970857,41.735687],[25.971778,41.734971],[25.972375,41.734857],[25.973673,41.736097],[25.974455,41.736475],[25.974602,41.736719],[25.975142,41.736856],[25.976005,41.73672],[25.976175,41.736229],[25.977661,41.735009],[25.978002,41.733888],[25.980176,41.733431],[25.979687,41.732146],[25.980655,41.731697],[25.981001,41.731029],[25.981548,41.730935],[25.9823,41.730475],[25.983472,41.730932],[25.984013,41.729866],[25.984547,41.729665],[25.985554,41.729729],[25.987276,41.729393],[25.988105,41.729476],[25.988729,41.729911],[25.989011,41.729889],[25.989428,41.729645],[25.98946,41.728988],[25.990773,41.728059],[25.991356,41.728029],[25.991862,41.728374],[25.992802,41.727885],[25.993783,41.727996],[25.99487,41.727784],[25.995994,41.727114],[25.996615,41.727906],[25.995232,41.730179],[25.995442,41.730443],[25.996751,41.729952],[25.997796,41.730112],[25.998228,41.729639],[26.000127,41.728426],[26.002692,41.729126],[26.003062,41.729463],[26.003042,41.72988],[26.003711,41.73027],[26.004812,41.730137],[26.006252,41.730725],[26.007731,41.730658],[26.008676,41.73098],[26.00889,41.731373],[26.009039,41.732495],[26.008885,41.732921],[26.009125,41.733752],[26.009416,41.734367],[26.010579,41.735415],[26.009559,41.735477],[26.009097,41.73592],[26.008292,41.736004],[26.008159,41.737158],[26.009038,41.73798],[26.010251,41.738301],[26.011168,41.737962],[26.011439,41.737558],[26.0121,41.737328],[26.0145,41.737504],[26.015638,41.738038],[26.016368,41.737828],[26.016825,41.736865],[26.016527,41.736414],[26.015765,41.735986],[26.015782,41.735275],[26.017132,41.733853],[26.018743,41.733424],[26.018609,41.73248],[26.019695,41.731696],[26.020283,41.730561],[26.021878,41.729955],[26.022569,41.729453],[26.0234,41.728043],[26.023619,41.726718],[26.023004,41.726404],[26.023261,41.725823],[26.022907,41.725508],[26.022902,41.725218],[26.02363,41.724765],[26.025251,41.72453],[26.025475,41.72425],[26.025221,41.723478],[26.02427,41.72222],[26.025093,41.722081],[26.025736,41.721368],[26.026825,41.720828],[26.027914,41.719076],[26.030096,41.718225],[26.031206,41.718005],[26.031826,41.717107],[26.032606,41.716947],[26.033536,41.716085],[26.034869,41.715825],[26.035397,41.715879],[26.0357,41.715471],[26.03542,41.71584],[26.036175,41.717027],[26.037131,41.717935],[26.038953,41.718031],[26.040172,41.718544],[26.041633,41.718602],[26.042485,41.719034],[26.043453,41.718772],[26.047479,41.716656],[26.0484,41.716446],[26.049424,41.71651],[26.050487,41.716192],[26.051964,41.716471],[26.053068,41.717522],[26.053729,41.718923],[26.055512,41.719015],[26.056781,41.719757],[26.057058,41.719577],[26.057174,41.718864],[26.056909,41.717996],[26.057387,41.717708],[26.0583,41.717986],[26.059783,41.718817],[26.060769,41.718357],[26.062579,41.719712],[26.064288,41.721732],[26.065838,41.721547],[26.066365,41.721747],[26.066306,41.723529],[26.069337,41.725784],[26.069917,41.725451],[26.072034,41.725702],[26.072887,41.726211],[26.073988,41.726566],[26.074449,41.727243],[26.075042,41.727452],[26.075314,41.728084],[26.077567,41.730486],[26.077847,41.731106],[26.07862,41.731668],[26.078704,41.732307],[26.079092,41.732948],[26.079519,41.733248],[26.07997,41.733229],[26.08059,41.733789],[26.080876,41.73424],[26.08099,41.735325],[26.082532,41.736776],[26.082552,41.737607],[26.082089,41.738024],[26.082539,41.738662],[26.083193,41.738897],[26.084989,41.740087],[26.085778,41.739136],[26.086563,41.738958],[26.087689,41.738041],[26.087868,41.738166],[26.088201,41.738083]]]}}]}